timestamp,libtorch_out1,libtorch_out2,libtorch_out3,libtorch_out4,libtorch_out5,libtorch_out6,pytorch_out1,pytorch_out2,pytorch_out3,pytorch_out4,pytorch_out5,pytorch_out6
0.055,-1,-1,-1,1,-1,1,-1,-1,-1,1,-1,1
0.056,-1,-1,-1,-1,-1,1,-1,-1,-1,-1,-1,1
0.075,1,-1,1,-1,-1,1,1,-1,1,-1,-1,1
0.095,-1,-1,1,1,0.994154,-1,-1,-1,1,1,0.994154,-1
0.116,1,-1,1,-1,1,-1,1,-1,1,-1,1,-1
0.136,-1,-1,-1,-1,1,-1,-1,-1,-1,-1,1,-1
0.156,-1,-1,-1,-1,1,-1,-1,-1,-1,-1,1,-1
0.176,1,1,-1,-1,1,1,1,1,-1,-1,1,1
0.196,1,1,-1,1,-0.992031,0.999999,1,1,-1,1,-0.992031,0.999999
0.216,1,1,1,1,1,-1,1,1,1,1,1,-1
0.236,-1,1,1,1,1,-1,-1,1,1,1,1,-1
0.256,-1,1,1,1,1,-1,-1,1,1,1,1,-1
0.276,-1,1,1,1,1,1,-1,1,1,1,1,1
0.296,-1,1,1,-1,1,1,-1,1,1,-1,1,1
0.316,-1,1,1,-1,1,1,-1,1,1,-1,1,1
0.336,1,1,1,-1,1,1,1,1,1,-1,1,1
0.356,1,1,1,1,0.977897,1,1,1,1,1,0.977897,1
0.377,1,-1,1,1,-1,1,1,-1,1,1,-1,1
0.397,1,-1,-1,1,-1,1,1,-1,-1,1,-1,1
0.417,1,-1,-1,1,-1,1,1,-1,-1,1,-1,1
0.437,1,-1,-1,-1,-1,-1,1,-1,-1,-1,-1,-1
0.457,1,-1,-1,-1,-1,-1,1,-1,-1,-1,-1,-1
0.477,-1,-1,1,-1,-1,-1,-1,-1,1,-1,-1,-1
0.497,-1,-1,1,1,-1,-1,-1,-1,1,1,-1,-1
0.517,-1,-1,-1,1,-1,-1,-1,-1,-1,1,-1,-1
0.537,-1,-1,-1,-1,-1,-1,-1,-1,-1,-1,-1,-1
0.557,-1,-1,-1,-1,-1,-1,-1,-1,-1,-1,-1,-1
0.577,-1,-1,-1,-1,-1,1,-1,-1,-1,-1,-1,1
0.597,-1,-1,-1,-1,-1,1,-1,-1,-1,-1,-1,1
0.618,1,-1,-1,-1,1,1,1,-1,-1,-1,1,1
0.638,1,1,-1,-1,1,1,1,1,-1,-1,1,1
0.658,1,1,-1,1,1,-1,1,1,-1,1,1,-1
0.678,1,1,1,1,1,-1,1,1,1,1,1,-1
0.698,1,1,1,1,1,-1,1,1,1,1,1,-1
0.718,-1,1,1,1,1,-1,-1,1,1,1,1,-1
0.738,-1,1,1,1,1,-1,-1,1,1,1,1,-1
0.758,-1,1,1,1,1,-1,-1,1,1,1,1,-1
0.778,-1,1,1,-1,1,1,-1,1,1,-1,1,1
0.798,-1,1,1,-1,1,1,-1,1,1,-1,1,1
0.818,-1,1,1,-1,1,1,-1,1,1,-1,1,1
0.838,1,1,1,-1,1,1,1,1,1,-1,1,1
0.859,1,1,1,1,-1,1,1,1,1,1,-1,1
0.879,1,1,1,1,-1,1,1,1,1,1,-1,1
0.899,1,-1,-1,1,-1,1,1,-1,-1,1,-1,1
0.919,1,-1,-1,1,1,1,1,-1,-1,1,1,1
0.939,1,-1,-1,1,-1,1,1,-1,-1,1,-1,1
0.959,-1,-1,-1,-1,-1,-0.999842,-1,-1,-1,-1,-1,-0.999842
0.979,1,-1,-1,-1,-1,-1,1,-1,-1,-1,-1,-1
0.999,1,-1,-1,-1,-1,-1,1,-1,-1,-1,-1,-1
1.019,-1,-1,1,-1,-1,-1,-1,-1,1,-1,-1,-1
1.039,-1,-1,1,1,-1,-1,-1,-1,1,1,-1,-1
1.059,-1,-1,-1,1,-1,-1,-1,-1,-1,1,-1,-1
1.079,-1,-1,-1,-1,-1,-1,-1,-1,-1,-1,-1,-1
1.099,-1,-1,-1,-1,-1,1,-1,-1,-1,-1,-1,1
1.12,-1,-1,-1,-1,-0.999993,1,-1,-1,-1,-1,-0.999993,1
1.14,1,-1,-1,-1,1,1,1,-1,-1,-1,1,1
1.16,1,1,-1,-1,1,1,1,1,-1,-1,1,1
1.18,1,1,-1,-1,1,-1,1,1,-1,-1,1,-1
1.2,1,1,1,1,1,-1,1,1,1,1,1,-1
1.22,1,1,1,1,1,-1,1,1,1,1,1,-1
1.24,-1,1,1,1,1,-1,-1,1,1,1,1,-1
1.26,-1,1,1,1,1,-1,-1,1,1,1,1,-1
1.28,-1,1,1,1,1,-1,-1,1,1,1,1,-1
1.3,-1,1,1,1,1,1,-1,1,1,1,1,1
1.32,-1,1,1,-1,1,1,-1,1,1,-1,1,1
1.34,-1,1,1,-1,1,1,-1,1,1,-1,1,1
1.361,1,1,1,-1,1,1,1,1,1,-1,1,1
1.381,1,1,1,1,-1,1,1,1,1,1,-1,1
1.401,1,1,1,1,-1,1,1,1,1,1,-1,1
1.421,1,-1,-1,1,-1,1,1,-1,-1,1,-1,1
1.441,1,-1,-1,1,1,1,1,-1,-1,1,1,1
1.461,1,-1,-1,-1,-1,1,1,-1,-1,-1,-1,1
1.481,1,-1,-1,-1,-1,-1,1,-1,-1,-1,-1,-1
1.501,1,-1,-1,-1,-1,-1,1,-1,-1,-1,-1,-1
1.521,-1,-1,1,-1,-1,-1,-1,-1,1,-1,-1,-1
1.541,-1,-1,1,1,-1,-1,-1,-1,1,1,-1,-1
1.561,-1,-1,-1,1,-1,-1,-1,-1,-1,1,-1,-1
1.581,-1,-1,-1,1,-1,-1,-1,-1,-1,1,-1,-1
1.601,-1,-1,-1,-1,-1,-1,-1,-1,-1,-1,-1,-1
1.622,-1,-1,-1,-1,-1,1,-1,-1,-1,-1,-1,1
1.642,-1,-1,-1,-1,-1,1,-1,-1,-1,-1,-1,1
1.662,-1,-1,-1,-1,1,1,-1,-1,-1,-1,1,1
1.682,1,1,-1,-1,1,1,1,1,-1,-1,1,1
1.702,1,1,-1,-1,1,-1,1,1,-1,-1,1,-1
1.722,1,1,1,1,1,-1,1,1,1,1,1,-1
1.742,1,1,1,1,1,-1,1,1,1,1,1,-1
1.762,1,1,1,1,1,-1,1,1,1,1,1,-1
1.782,-1,1,1,1,1,-1,-1,1,1,1,1,-1
1.802,-1,1,1,1,0.013798,-1,-1,1,1,1,0.013802,-1
1.822,-1,1,1,1,0.99997,1,-1,1,1,1,0.99997,1
1.842,-1,1,1,-1,1,1,-1,1,1,-1,1,1
1.862,-1,1,1,-1,1,1,-1,1,1,-1,1,1
1.883,1,1,1,-1,1,1,1,1,1,-1,1,1
1.903,1,1,1,1,-1,1,1,1,1,1,-1,1
1.923,1,1,1,1,-1,1,1,1,1,1,-1,1
1.943,1,-1,-1,1,-1,1,1,-1,-1,1,-1,1
1.963,1,-1,-1,1,1,1,1,-1,-1,1,1,1
1.983,1,-1,-1,-1,-1,1,1,-1,-1,-1,-1,1
2.003,1,-1,-1,-1,-1,-1,1,-1,-1,-1,-1,-1
2.023,1,-1,-1,-1,-1,-1,1,-1,-1,-1,-1,-1
2.043,-1,-1,-1,1,-1,-1,-1,-1,-1,1,-1,-1
2.063,-1,-1,1,1,-1,-1,-1,-1,1,1,-1,-1
2.083,-1,-1,1,1,-1,-1,-1,-1,1,1,-1,-1
2.103,-1,-1,-1,-1,-1,-1,-1,-1,-1,-1,-1,-1
2.123,-1,-1,-1,-1,-1,-1,-1,-1,-1,-1,-1,-1
2.144,-1,-1,-1,-1,-1,1,-1,-1,-1,-1,-1,1
2.164,-1,-1,-1,-1,-0.99996,1,-1,-1,-1,-1,-0.99996,1
2.184,-1,-1,-1,-1,1,1,-1,-1,-1,-1,1,1
2.204,1,1,-1,-1,1,1,1,1,-1,-1,1,1
2.224,1,1,-1,-1,1,-1,1,1,-1,-1,1,-1
2.244,1,1,1,1,1,-1,1,1,1,1,1,-1
2.264,1,1,1,1,1,-1,1,1,1,1,1,-1
2.284,1,1,1,1,1,-1,1,1,1,1,1,-1
2.304,-1,1,1,1,1,-1,-1,1,1,1,1,-1
2.324,-1,1,1,1,1,-1,-1,1,1,1,1,-1
2.344,-1,1,1,1,1,1,-1,1,1,1,1,1
2.364,-1,1,1,-1,0.999958,1,-1,1,1,-1,0.999958,1
2.385,-1,1,1,-1,1,1,-1,1,1,-1,1,1
2.405,0.454146,1,1,-1,1,1,0.454115,1,1,-1,1,1
2.425,1,1,1,1,-0.926305,1,1,1,1,1,-0.926305,1
2.445,1,1,1,1,-1,1,1,1,1,1,-1,1
2.465,1,-1,-1,1,1,1,1,-1,-1,1,1,1
2.485,1,-1,-1,1,-1,1,1,-1,-1,1,-1,1
2.505,1,-1,-1,0.999994,-1,1,1,-1,-1,0.999994,-1,1
2.525,1,-1,-1,-1,-1,-1,1,-1,-1,-1,-1,-1
2.545,1,-1,-1,-1,-1,-1,1,-1,-1,-1,-1,-1
2.565,1,-1,-1,-1,-1,-1,1,-1,-1,-1,-1,-1
2.585,-1,-1,1,-1,-1,-1,-1,-1,1,-1,-1,-1
2.605,-1,-1,1,1,-1,-1,-1,-1,1,1,-1,-1
2.626,-1,-1,-1,1,-1,-1,-1,-1,-1,1,-1,-1
2.646,-1,-1,-1,-1,-1,-1,-1,-1,-1,-1,-1,-1
2.666,-1,-1,-1,-1,-1,1,-1,-1,-1,-1,-1,1
2.686,-1,-1,-1,-1,-1,1,-1,-1,-1,-1,-1,1
2.706,-1,-1,-1,-1,1,1,-1,-1,-1,-1,1,1
2.726,1,1,-1,-1,1,1,1,1,-1,-1,1,1
2.746,1,1,-1,-1,1,-1,1,1,-1,-1,1,-1
2.766,1,1,0.998498,1,1,-1,1,1,0.998498,1,1,-1
2.786,1,1,1,1,1,-1,1,1,1,1,1,-1
2.806,-1,1,1,1,1,-1,-1,1,1,1,1,-1
2.826,-1,1,1,1,1,-1,-1,1,1,1,1,-1
2.847,-1,1,1,1,1,-1,-1,1,1,1,1,-1
2.866,-1,1,1,1,1,1,-1,1,1,1,1,1
2.887,-1,1,1,-1,1,1,-1,1,1,-1,1,1
2.907,-1,1,1,-1,1,1,-1,1,1,-1,1,1
2.927,1,1,1,-1,1,1,1,1,1,-1,1,1
2.947,1,1,1,1,-1,1,1,1,1,1,-1,1
2.967,1,1,1,1,-1,1,1,1,1,1,-1,1
2.987,1,-1,-1,1,-1,1,1,-1,-1,1,-1,1
3.007,1,-1,-1,1,1,1,1,-1,-1,1,1,1
3.027,1,-1,-1,-1,-1,1,1,-1,-1,-1,-1,1
3.047,1,-1,-1,-1,-1,-1,1,-1,-1,-1,-1,-1
3.067,1,-1,-1,-1,-1,-1,1,-1,-1,-1,-1,-1
3.087,0.999855,-1,-1,-1,-1,-1,0.999855,-1,-1,-1,-1,-1
3.107,-1,-1,1,1,-1,-1,-1,-1,1,1,-1,-1
3.127,-1,-1,1,1,-1,-1,-1,-1,1,1,-1,-1
3.148,-1,-1,-1,1,-1,-1,-1,-1,-1,1,-1,-1
3.168,-1,-1,-1,-1,-1,-1,-1,-1,-1,-1,-1,-1
3.188,-1,-1,-1,-1,-1,1,-1,-1,-1,-1,-1,1
3.208,-1,-1,-1,-1,-1,1,-1,-1,-1,-1,-1,1
3.228,-1,-1,-1,-1,1,1,-1,-1,-1,-1,1,1
3.248,1,1,-1,-1,1,1,1,1,-1,-1,1,1
3.268,1,1,-1,-1,1,-1,1,1,-1,-1,1,-1
3.288,1,1,1,1,1,-1,1,1,1,1,1,-1
3.308,1,1,1,1,1,-1,1,1,1,1,1,-1
3.328,-1,1,1,1,1,-1,-1,1,1,1,1,-1
3.348,-1,1,1,1,1,-1,-1,1,1,1,1,-1
3.368,-1,1,1,1,1,-1,-1,1,1,1,1,-1
3.389,-1,1,1,1,1,1,-1,1,1,1,1,1
3.409,-1,1,1,-1,1,1,-1,1,1,-1,1,1
3.429,-1,1,1,-1,1,1,-1,1,1,-1,1,1
3.449,1,1,1,-1,1,1,1,1,1,-1,1,1
3.469,1,1,1,1,1,1,1,1,1,1,1,1
3.489,1,1,1,1,-1,1,1,1,1,1,-1,1
3.509,1,-1,-1,1,-1,1,1,-1,-1,1,-1,1
3.529,1,-1,-1,1,-1,1,1,-1,-1,1,-1,1
3.549,1,-1,-1,-1,-1,1,1,-1,-1,-1,-1,1
3.569,1,-1,-1,-1,-1,-1,1,-1,-1,-1,-1,-1
3.589,1,-1,-1,-1,-1,-1,1,-1,-1,-1,-1,-1
3.609,0.894038,-1,1,-1,-1,-1,0.894045,-1,1,-1,-1,-1
3.63,-1,-1,1,1,-1,-1,-1,-1,1,1,-1,-1
3.65,-1,-1,-1,1,-1,-1,-1,-1,-1,1,-1,-1
3.67,-1,-1,-1,1,-1,-1,-1,-1,-1,1,-1,-1
3.69,-1,-1,-1,-1,-1,-1,-1,-1,-1,-1,-1,-1
3.71,-1,-1,-1,-1,-1,1,-1,-1,-1,-1,-1,1
3.73,-1,-1,-1,-1,-1,1,-1,-1,-1,-1,-1,1
3.75,-1,-1,-1,-1,1,1,-1,-1,-1,-1,1,1
3.77,1,1,-1,-1,1,1,1,1,-1,-1,1,1
3.79,1,1,-1,-1,1,-1,1,1,-1,-1,1,-1
3.81,1,1,-1,1,1,-1,1,1,-1,1,1,-1
3.83,1,1,1,1,1,-1,1,1,1,1,1,-1
3.85,1,1,1,1,1,-1,1,1,1,1,1,-1
3.871,-1,1,1,1,1,-1,-1,1,1,1,1,-1
3.891,-1,1,1,1,0.999958,-1,-1,1,1,1,0.999958,-1
3.911,-1,1,1,1,1,-1,-1,1,1,1,1,-1
3.931,-1,1,1,-1,0.999996,1,-1,1,1,-1,0.999996,1
3.951,-1,1,1,-1,0.999996,1,-1,1,1,-1,0.999996,1
3.971,-1,1,1,-1,1,1,-1,1,1,-1,1,1
3.991,1,1,1,1,-0.999997,1,1,1,1,1,-0.999997,1
4.011,1,1,1,-1,-1,1,1,1,1,-1,-1,1
4.031,1,-1,1,1,-1,1,1,-1,1,1,-1,1
4.051,1,-1,-1,1,-1,1,1,-1,-1,1,-1,1
4.071,1,-1,-1,1,1,1,1,-1,-1,1,1,1
4.091,1,-1,-1,1,-1,1,1,-1,-1,1,-1,1
4.111,-1,-1,-1,-0.986172,-1,-1,-1,-1,-1,-0.986172,-1,-1
4.131,1,-1,0.999997,-1,-1,-1,1,-1,0.999997,-1,-1,-1
4.152,0.909803,-1,-1,-1,-1,-1,0.909796,-1,-1,-1,-1,-1
4.172,-1,-1,1,1,-1,-1,-1,-1,1,1,-1,-1
4.192,-1,-1,-1,1,-1,-1,-1,-1,-1,1,-1,-1
4.212,-1,-1,-1,-1,-1,-1,-1,-1,-1,-1,-1,-1
4.232,-1,-1,-1,-1,-1,1,-1,-1,-1,-1,-1,1
4.252,-1,-1,-1,-1,1,1,-1,-1,-1,-1,1,1
4.272,1,1,-1,-1,1,1,1,1,-1,-1,1,1
4.292,1,1,-1,-1,1,1,1,1,-1,-1,1,1
4.312,1,1,-1,1,1,-1,1,1,-1,1,1,-1
4.332,1,1,1,1,1,-1,1,1,1,1,1,-1
4.352,-1,1,1,1,1,-1,-1,1,1,1,1,-1
4.372,0.999701,1,1,1,0.983259,-1,0.999701,1,1,1,0.983259,-1
4.393,-1,1,1,1,-0.999999,-1,-1,1,1,1,-0.999999,-1
4.413,-1,1,1,1,-0.999999,-1,-1,1,1,1,-0.999999,-1
4.433,-1,1,1,-1,1,1,-1,1,1,-1,1,1
4.453,-1,1,1,-1,1,1,-1,1,1,-1,1,1
4.473,-1,1,1,-1,1,1,-1,1,1,-1,1,1
4.493,1,1,1,-1,1,1,1,1,1,-1,1,1
4.513,1,-1,1,1,1,1,1,-1,1,1,1,1
4.533,1,-1,1,1,-1,1,1,-1,1,1,-1,1
4.553,1,-1,-1,1,-1,1,1,-1,-1,1,-1,1
4.573,1,-1,-1,-1,-1,1,1,-1,-1,-1,-1,1
4.593,-1,-1,-1,-1,-1,-1,-1,-1,-1,-1,-1,-1
4.613,1,-1,-1,-1,-1,-1,1,-1,-1,-1,-1,-1
4.633,-1,-1,-1,1,-1,-1,-1,-1,-1,1,-1,-1
4.653,0.842396,-1,1,1,-1,-1,0.842409,-1,1,1,-1,-1
4.674,-1,-1,-1,1,-1,-1,-1,-1,-1,1,-1,-1
4.694,-1,-1,-1,-1,-1,-1,-1,-1,-1,-1,-1,-1
4.714,-1,-1,-1,-1,-1,1,-1,-1,-1,-1,-1,1
4.734,-1,-1,-1,-1,1,1,-1,-1,-1,-1,1,1
4.754,1,1,-1,-1,1,1,1,1,-1,-1,1,1
4.774,1,1,-1,-1,1,1,1,1,-1,-1,1,1
4.794,1,1,-1,1,1,-1,1,1,-1,1,1,-1
4.814,1,1,1,1,1,-1,1,1,1,1,1,-1
4.834,1,1,1,1,1,-1,1,1,1,1,1,-1
4.854,-1,1,1,1,1,-1,-1,1,1,1,1,-1
4.874,-1,1,1,1,-0.980646,-1,-1,1,1,1,-0.980646,-1
4.894,-1,1,1,1,1,-1,-1,1,1,1,1,-1
4.915,-1,1,1,-1,1,1,-1,1,1,-1,1,1
4.935,-1,1,1,-1,1,1,-1,1,1,-1,1,1
4.955,-1,1,1,-1,1,1,-1,1,1,-1,1,1
4.975,1,1,1,-1,0.999813,1,1,1,1,-1,0.999813,1
4.995,1,-1,1,1,-1,1,1,-1,1,1,-1,1
5.015,1,-1,0.999752,1,-1,1,1,-1,0.999752,1,-1,1
5.035,1,-1,-1,1,-1,1,1,-1,-1,1,-1,1
5.055,1,-1,-1,-1,1,-0.999997,1,-1,-1,-1,1,-0.999997
5.075,1,-1,-1,-1,-1,-1,1,-1,-1,-1,-1,-1
5.095,-1,-1,-1,-1,-1,-1,-1,-1,-1,-1,-1,-1
5.115,1,-1,1,1,-1,-1,1,-1,1,1,-1,-1
5.135,-1,-1,1,1,-1,-1,-1,-1,1,1,-1,-1
5.155,-1,-1,-1,1,-1,-1,-1,-1,-1,1,-1,-1
5.175,-1,-1,-1,-1,-1,1,-1,-1,-1,-1,-1,1
5.195,-1,-1,-1,-1,-1,1,-1,-1,-1,-1,-1,1
5.216,-1,-1,-1,-1,-1,1,-1,-1,-1,-1,-1,1
5.236,-1,-1,-1,-1,-1,1,-1,-1,-1,-1,-1,1
5.256,1,1,-1,-1,1,1,1,1,-1,-1,1,1
5.276,1,1,-1,-1,1,1,1,1,-1,-1,1,1
5.296,1,1,-1,1,1,-1,1,1,-1,1,1,-1
5.316,1,1,1,1,1,-1,1,1,1,1,1,-1
5.336,1,1,1,1,1,-1,1,1,1,1,1,-1
5.356,-1,1,1,1,1,-1,-1,1,1,1,1,-1
5.376,-1,1,1,1,1,-1,-1,1,1,1,1,-1
5.396,-1,1,1,1,1,-1,-1,1,1,1,1,-1
5.416,-1,1,1,-1,-0.982058,1,-1,1,1,-1,-0.982058,1
5.436,-1,1,1,-1,1,1,-1,1,1,-1,1,1
5.457,-1,1,1,-1,1,1,-1,1,1,-1,1,1
5.477,1,1,1,-1,1,1,1,1,1,-1,1,1
5.497,1,1,1,1,-0.999997,1,1,1,1,1,-0.999997,1
5.517,1,-1,1,1,1,1,1,-1,1,1,1,1
5.537,1,-1,-1,1,-1,1,1,-1,-1,1,-1,1
5.557,1,-1,-1,-1,1,1,1,-1,-1,-1,1,1
5.577,1,-1,-1,-1,-1,-1,1,-1,-1,-1,-1,-1
5.597,1,-1,-1,-1,-1,-1,1,-1,-1,-1,-1,-1
5.617,-1,-1,-1,1,-1,-1,-1,-1,-1,1,-1,-1
5.637,0.99982,-1,-1,1,-1,-1,0.99982,-1,-1,1,-1,-1
5.657,-1,-1,1,1,-1,-1,-1,-1,1,1,-1,-1
5.677,-1,-1,1,1,-1,-1,-1,-1,1,1,-1,-1
5.697,-1,-1,-1,0.9774,-1,-1,-1,-1,-1,0.9774,-1,-1
5.717,-1,-1,-1,-1,-1,0.997748,-1,-1,-1,-1,-1,0.997748
5.738,-1,-1,-1,-1,-1,1,-1,-1,-1,-1,-1,1
5.758,-1,-1,-1,-1,-1,1,-1,-1,-1,-1,-1,1
5.778,1,1,-1,-1,1,1,1,1,-1,-1,1,1
5.798,1,1,-1,-1,1,-1,1,1,-1,-1,1,-1
5.818,1,1,-1,-1,1,-1,1,1,-1,-1,1,-1
5.838,1,1,-1,1,1,-1,1,1,-1,1,1,-1
5.858,1,1,1,1,1,-1,1,1,1,1,1,-1
5.878,-1,1,1,1,1,-1,-1,1,1,1,1,-1
5.898,-1,1,1,1,1,-1,-1,1,1,1,1,-1
5.918,-1,1,1,1,1,-1,-1,1,1,1,1,-1
5.938,-1,1,1,1,1,1,-1,1,1,1,1,1
5.958,-1,1,1,-1,1,1,-1,1,1,-1,1,1
5.978,-1,1,1,-1,1,1,-1,1,1,-1,1,1
5.999,1,1,1,-1,-1,1,1,1,1,-1,-1,1
6.019,1,1,1,1,-1,1,1,1,1,1,-1,1
6.039,1,-1,1,1,-1,1,1,-1,1,1,-1,1
6.059,1,-1,-1,1,1,1,1,-1,-1,1,1,1
6.079,1,-1,-1,0.999984,1,1,1,-1,-1,0.999984,1,1
6.099,1,-1,-1,-1,-1,1,1,-1,-1,-1,-1,1
6.119,1,-1,-1,-1,-1,-1,1,-1,-1,-1,-1,-1
6.139,1,-1,-1,-1,-1,-1,1,-1,-1,-1,-1,-1
6.159,-1,-1,1,-1,-1,-1,-1,-1,1,-1,-1,-1
6.179,-1,-1,1,1,-1,-1,-1,-1,1,1,-1,-1
6.199,-1,-1,-0.999996,1,-1,-1,-1,-1,-0.999996,1,-1,-1
6.219,-1,-1,-1,0.149713,-1,-1,-1,-1,-1,0.149717,-1,-1
6.239,-1,-1,-1,-1,-1,1,-1,-1,-1,-1,-1,1
6.26,-1,-1,-1,-1,-1,1,-1,-1,-1,-1,-1,1
6.28,-1,-1,-1,-1,-0.999983,1,-1,-1,-1,-1,-0.999983,1
6.3,1,-0.464339,-1,-1,1,1,1,-0.464321,-1,-1,1,1
6.32,1,1,-1,-1,1,0.999916,1,1,-1,-1,1,0.999916
6.34,1,1,-1,-1,1,-1,1,1,-1,-1,1,-1
6.36,1,1,1,1,1,-1,1,1,1,1,1,-1
6.38,1,1,1,1,1,-1,1,1,1,1,1,-1
6.4,-1,1,1,1,1,-1,-1,1,1,1,1,-1
6.42,-1,1,1,1,1,-1,-1,1,1,1,1,-1
6.44,-1,1,1,1,1,-1,-1,1,1,1,1,-1
6.46,-1,1,1,1,1,-1,-1,1,1,1,1,-1
6.48,-1,1,1,-1,1,1,-1,1,1,-1,1,1
6.5,-1,1,1,-1,1,1,-1,1,1,-1,1,1
6.52,1,1,1,-1,1,1,1,1,1,-1,1,1
6.541,1,1,1,1,-1,1,1,1,1,1,-1,1
6.561,1,1,1,1,-1,1,1,1,1,1,-1,1
6.581,1,-1,-1,1,-1,1,1,-1,-1,1,-1,1
6.601,1,-1,-1,1,-0.988174,1,1,-1,-1,1,-0.988174,1
6.621,1,-1,-1,-0.994436,-1,1,1,-1,-1,-0.994436,-1,1
6.641,1,-1,-1,-1,-1,-1,1,-1,-1,-1,-1,-1
6.661,0.999821,-1,-0.999999,-1,-1,-1,0.999821,-1,-0.999999,-1,-1,-1
6.681,-1,-1,1,1,-1,-1,-1,-1,1,1,-1,-1
6.701,-1,-1,1,1,-1,-1,-1,-1,1,1,-1,-1
6.721,-1,-1,-1,1,-1,-1,-1,-1,-1,1,-1,-1
6.741,-1,-1,-1,-1,-1,-1,-1,-1,-1,-1,-1,-1
6.761,-1,-1,-1,-1,-1,1,-1,-1,-1,-1,-1,1
6.781,-1,-1,-1,-1,-1,1,-1,-1,-1,-1,-1,1
6.802,-1,-1,-1,-1,1,1,-1,-1,-1,-1,1,1
6.822,1,1,-1,-1,1,1,1,1,-1,-1,1,1
6.842,1,1,-1,-1,1,-1,1,1,-1,-1,1,-1
6.862,1,1,-1,0.999978,1,-1,1,1,-1,0.999978,1,-1
6.882,1,1,1,1,1,-1,1,1,1,1,1,-1
6.902,1,1,1,1,1,-1,1,1,1,1,1,-1
6.922,1,1,1,1,1,-1,1,1,1,1,1,-1
6.942,-1,1,1,1,1,-1,-1,1,1,1,1,-1
6.962,-1,1,1,1,-1,-1,-1,1,1,1,-1,-1
6.982,-1,1,1,-1,1,1,-1,1,1,-1,1,1
7.002,-1,1,1,-1,1,1,-1,1,1,-1,1,1
7.022,-1,1,1,-1,1,1,-1,1,1,-1,1,1
7.043,-1,1,1,-1,1,1,-1,1,1,-1,1,1
7.063,1,1,1,1,-0.490996,1,1,1,1,1,-0.490999,1
7.083,1,-1,1,1,-1,1,1,-1,1,1,-1,1
7.103,1,-1,1,1,1,1,1,-1,1,1,1,1
7.123,1,-1,-1,1,-1,1,1,-1,-1,1,-1,1
7.143,1,-1,-1,-1,-1,0.999823,1,-1,-1,-1,-1,0.999823
7.163,1,-1,-1,-1,-1,-1,1,-1,-1,-1,-1,-1
7.183,1,-1,-1,-1,-1,-1,1,-1,-1,-1,-1,-1
7.203,-1,-1,1,1,-1,-1,-1,-1,1,1,-1,-1
7.223,-1,-1,1,1,-1,-1,-1,-1,1,1,-1,-1
7.243,-1,-1,-1,-0.999989,-1,-1,-1,-1,-1,-0.999989,-1,-1
7.263,-1,-1,-1,-1,-1,-1,-1,-1,-1,-1,-1,-1
7.283,-1,-1,-1,-1,-1,1,-1,-1,-1,-1,-1,1
7.303,-1,-1,-1,-1,-1,1,-1,-1,-1,-1,-1,1
7.324,-1,-1,-1,-1,1,1,-1,-1,-1,-1,1,1
7.344,1,1,-1,-1,1,1,1,1,-1,-1,1,1
7.364,1,1,-1,-1,1,1,1,1,-1,-1,1,1
7.384,1,1,-1,1,1,-1,1,1,-1,1,1,-1
7.404,1,1,1,1,1,-1,1,1,1,1,1,-1
7.424,1,1,1,1,1,-1,1,1,1,1,1,-1
7.444,0.624917,1,1,1,1,-1,0.624916,1,1,1,1,-1
7.464,-1,1,1,1,1,-1,-1,1,1,1,1,-1
7.484,-1,1,1,1,-0.999874,-1,-1,1,1,1,-0.999874,-1
7.504,-1,1,1,1,1,-1,-1,1,1,1,1,-1
7.524,-1,1,1,-1,1,1,-1,1,1,-1,1,1
7.544,-1,1,1,-1,1,1,-1,1,1,-1,1,1
7.564,1,1,1,-1,1,1,1,1,1,-1,1,1
7.585,1,1,1,1,-1,1,1,1,1,1,-1,1
7.605,1,-1,-1,1,-1,1,1,-1,-1,1,-1,1
7.625,1,-1,-1,1,1,1,1,-1,-1,1,1,1
7.645,1,-1,-1,-1,-1,-0.034206,1,-1,-1,-1,-1,-0.034215
7.665,1,-1,-1,-1,-1,-1,1,-1,-1,-1,-1,-1
7.685,-1,-1,-1,-1,-1,-1,-1,-1,-1,-1,-1,-1
7.705,1,-1,1,-1,-1,-1,1,-1,1,-1,-1,-1
7.725,-1,-1,1,1,-1,-1,-1,-1,1,1,-1,-1
7.745,-1,-1,1,1,-1,-1,-1,-1,1,1,-1,-1
7.765,-1,-1,-1,1,-1,1,-1,-1,-1,1,-1,1
7.785,-1,-1,-1,0.974257,-1,1,-1,-1,-1,0.974257,-1,1
7.805,-1,-1,-1,-1,-1,1,-1,-1,-1,-1,-1,1
7.825,-1,-1,-1,-1,-1,1,-1,-1,-1,-1,-1,1
7.846,-1,-1,-1,-1,1,1,-1,-1,-1,-1,1,1
7.866,1,1,-1,-1,1,1,1,1,-1,-1,1,1
7.886,1,1,-1,-1,1,-1,1,1,-1,-1,1,-1
7.906,1,1,-1,-1,1,-1,1,1,-1,-1,1,-1
7.926,1,1,1,1,1,-1,1,1,1,1,1,-1
7.946,1,1,1,1,1,-1,1,1,1,1,1,-1
7.966,-1,1,1,1,1,-1,-1,1,1,1,1,-1
7.986,-1,1,1,1,1,-1,-1,1,1,1,1,-1
8.006,-1,1,1,1,0.63717,-1,-1,1,1,1,0.637173,-1
8.026,-1,1,1,-1,0.999997,1,-1,1,1,-1,0.999997,1
8.046,-1,1,1,-1,1,1,-1,1,1,-1,1,1
8.066,1,1,1,0.999993,0.999994,1,1,1,1,0.999993,0.999994,1
8.086,1,1,1,1,-1,1,1,1,1,1,-1,1
8.106,1,1,1,1,-1,1,1,1,1,1,-1,1
8.127,1,-1,-1,-0.994591,1,1,1,-1,-1,-0.994591,1,1
8.147,1,-1,-1,1,-1,1,1,-1,-1,1,-1,1
8.167,1,-1,-1,-0.971688,-1,1,1,-1,-1,-0.971687,-1,1
8.187,-0.988742,-1,-1,-1,-1,-1,-0.988741,-1,-1,-1,-1,-1
8.207,1,-1,-0.473382,-1,-1,-1,1,-1,-0.473364,-1,-1,-1
8.227,1,-1,1,-1,-1,-1,1,-1,1,-1,-1,-1
8.247,-1,-1,-1,1,-1,-1,-1,-1,-1,1,-1,-1
8.267,-1,-1,1,1,-1,-1,-1,-1,1,1,-1,-1
8.287,-1,-1,-0.565814,1,-1,-1,-1,-1,-0.565829,1,-1,-1
8.307,-1,-1,-1,1,-1,-1,-1,-1,-1,1,-1,-1
8.327,-1,-1,-1,-1,-1,1,-1,-1,-1,-1,-1,1
8.347,-1,-1,-1,-1,-1,1,-1,-1,-1,-1,-1,1
8.367,-1,-1,-1,-1,1,1,-1,-1,-1,-1,1,1
8.388,1,1,-1,-1,1,1,1,1,-1,-1,1,1
8.408,1,1,-1,-1,1,1,1,1,-1,-1,1,1
8.428,1,1,-1,-0.999998,1,-1,1,1,-1,-0.999998,1,-1
8.448,1,1,1,1,1,-1,1,1,1,1,1,-1
8.468,1,1,1,1,1,-1,1,1,1,1,1,-1
8.488,1,1,1,1,1,-1,1,1,1,1,1,-1
8.508,-1,1,1,1,1,-1,-1,1,1,1,1,-1
8.528,-1,1,1,1,0.996716,-1,-1,1,1,1,0.996716,-1
8.548,-1,1,1,1,-0.989534,1,-1,1,1,1,-0.989535,1
8.568,-1,1,1,-1,1,1,-1,1,1,-1,1,1
8.588,-1,1,1,-1,1,1,-1,1,1,-1,1,1
8.608,-1,1,1,-1,1,1,-1,1,1,-1,1,1
8.628,1,1,1,1,-1,1,1,1,1,1,-1,1
8.648,1,-1,1,1,-0.999998,1,1,-1,1,1,-0.999998,1
8.669,1,-1,-1,1,1,1,1,-1,-1,1,1,1
8.689,1,-1,-1,1,1,1,1,-1,-1,1,1,1
8.709,1,-1,-1,-1,-1,-1,1,-1,-1,-1,-1,-1
8.729,1,-1,-1,-1,-1,-1,1,-1,-1,-1,-1,-1
8.749,1,-1,-1,-1,-1,-1,1,-1,-1,-1,-1,-1
8.769,-1,-1,-1,-1,-1,-1,-1,-1,-1,-1,-1,-1
8.789,-1,-1,1,1,-1,-1,-1,-1,1,1,-1,-1
8.809,-1,-1,1,1,-1,-1,-1,-1,1,1,-1,-1
8.829,-1,-1,-1,1,-1,-1,-1,-1,-1,1,-1,-1
8.849,-1,-1,-1,-1,-1,1,-1,-1,-1,-1,-1,1
8.869,-1,-1,-1,-1,-1,1,-1,-1,-1,-1,-1,1
8.889,-1,-1,-1,-1,-1,1,-1,-1,-1,-1,-1,1
8.91,-0.999993,-1,-1,-1,1,1,-0.999993,-1,-1,-1,1,1
8.93,1,1,-1,-1,1,1,1,1,-1,-1,1,1
8.95,1,1,-0.949866,1,1,-1,1,1,-0.949868,1,1,-1
8.97,1,1,1,1,1,-1,1,1,1,1,1,-1
8.99,1,1,1,1,1,-1,1,1,1,1,1,-1
9.01,1,1,1,1,1,-1,1,1,1,1,1,-1
9.03,-1,1,1,1,1,-1,-1,1,1,1,1,-1
9.05,-1,1,1,1,0.980216,-1,-1,1,1,1,0.980216,-1
9.07,-1,1,1,-1,0.951229,1,-1,1,1,-1,0.951228,1
9.09,-1,1,1,-1,1,1,-1,1,1,-1,1,1
9.11,-1,1,1,-1,1,1,-1,1,1,-1,1,1
9.13,1,1,1,-1,1,1,1,1,1,-1,1,1
9.15,1,1,1,1,-1,1,1,1,1,1,-1,1
9.171,1,1,1,1,-1,1,1,1,1,1,-1,1
9.191,1,-1,-1,1,-1,1,1,-1,-1,1,-1,1
9.211,1,-1,-1,1,1,1,1,-1,-1,1,1,1
9.231,1,-1,-1,-1,-1,1,1,-1,-1,-1,-1,1
9.251,1,-1,-1,-1,-1,1,1,-1,-1,-1,-1,1
9.271,-0.999984,-1,-1,-1,-1,-1,-0.999984,-1,-1,-1,-1,-1
9.291,1,-1,1,-1,-1,-1,1,-1,1,-1,-1,-1
9.311,-1,-1,1,1,-1,-1,-1,-1,1,1,-1,-1
9.331,-1,-1,-1,1,-1,-1,-1,-1,-1,1,-1,-1
9.351,-1,-1,-1,1,-1,-1,-1,-1,-1,1,-1,-1
9.372,-1,-1,-1,-1,-1,-1,-1,-1,-1,-1,-1,-1
9.391,-1,-1,-1,-1,-1,-1,-1,-1,-1,-1,-1,-1
9.412,-1,-1,-1,-1,-1,1,-1,-1,-1,-1,-1,1
9.432,-1,-1,-1,-1,1,1,-1,-1,-1,-1,1,1
9.452,1,1,-1,-1,1,1,1,1,-1,-1,1,1
9.472,1,1,-1,-1,1,-1,1,1,-1,-1,1,-1
9.492,1,1,1,1,1,-1,1,1,1,1,1,-1
9.512,1,1,1,1,1,-1,1,1,1,1,1,-1
9.532,1,1,1,1,1,-1,1,1,1,1,1,-1
9.552,-1,1,1,1,1,-1,-1,1,1,1,1,-1
9.572,-1,1,1,1,0.905061,-1,-1,1,1,1,0.90506,-1
9.592,-1,1,1,-1,-1,1,-1,1,1,-1,-1,1
9.612,-1,1,1,-1,1,1,-1,1,1,-1,1,1
9.632,-1,1,1,0.999995,1,1,-1,1,1,0.999995,1,1
9.652,1,1,1,-1,1,1,1,1,1,-1,1,1
9.673,1,1,1,1,-1,1,1,1,1,1,-1,1
9.693,1,1,1,1,-1,1,1,1,1,1,-1,1
9.713,1,-1,-1,-1,0.99825,1,1,-1,-1,-1,0.99825,1
9.733,1,-1,-1,1,-0.999998,1,1,-1,-1,1,-0.999998,1
9.753,1,-1,-1,-1,-1,-1,1,-1,-1,-1,-1,-1
9.773,1,-1,-1,-1,-1,-1,1,-1,-1,-1,-1,-1
9.793,1,-1,-1,-1,-1,-1,1,-1,-1,-1,-1,-1
9.813,-1,-1,-1,1,-1,-1,-1,-1,-1,1,-1,-1
9.833,-1,-1,1,1,-1,-1,-1,-1,1,1,-1,-1
9.853,-1,-1,1,1,-1,-1,-1,-1,1,1,-1,-1
9.873,-1,-1,-1,0.998303,-1,-1,-1,-1,-1,0.998303,-1,-1
9.893,-1,-1,-1,-1,-1,1,-1,-1,-1,-1,-1,1
9.914,-1,-1,-1,-1,-1,1,-1,-1,-1,-1,-1,1
9.934,-1,-1,-1,-1,1,1,-1,-1,-1,-1,1,1
9.954,1,1,-1,-1,1,1,1,1,-1,-1,1,1
9.974,1,1,-1,-1,1,1,1,1,-1,-1,1,1
9.994,1,1,-1,-1,1,-1,1,1,-1,-1,1,-1
10.014,1,1,1,1,1,-1,1,1,1,1,1,-1
10.034,1,1,1,1,1,-1,1,1,1,1,1,-1
10.054,1,1,1,1,1,-1,1,1,1,1,1,-1
10.074,-1,1,1,1,1,-1,-1,1,1,1,1,-1
10.094,-1,1,1,1,-1,-1,-1,1,1,1,-1,-1
10.114,-1,1,1,1,1,1,-1,1,1,1,1,1
10.134,-1,1,1,-1,1,1,-1,1,1,-1,1,1
10.154,-1,1,1,-1,1,1,-1,1,1,-1,1,1
10.174,-1,1,1,-1,1,1,-1,1,1,-1,1,1
10.195,1,1,1,1,1,1,1,1,1,1,1,1
10.215,1,-1,1,1,-1,1,1,-1,1,1,-1,1
10.235,1,-1,-1,1,-1,1,1,-1,-1,1,-1,1
10.255,1,-1,-1,1,-1,1,1,-1,-1,1,-1,1
10.275,1,-1,-1,-1,-1,-1,1,-1,-1,-1,-1,-1
10.295,1,-1,-1,-1,-1,-1,1,-1,-1,-1,-1,-1
10.315,1,-1,-1,-1,-1,-1,1,-1,-1,-1,-1,-1
10.335,-1,-1,-1,1,-1,-1,-1,-1,-1,1,-1,-1
10.355,-1,-1,1,1,-1,-1,-1,-1,1,1,-1,-1
10.375,-1,-1,0.93315,1,-1,-1,-1,-1,0.93315,1,-1,-1
10.395,-1,-1,-1,-1,-1,-1,-1,-1,-1,-1,-1,-1
10.415,-1,-1,-1,-1,-1,1,-1,-1,-1,-1,-1,1
10.435,-1,-1,-1,-1,-1,1,-1,-1,-1,-1,-1,1
10.456,-1,-1,-1,-1,1,1,-1,-1,-1,-1,1,1
10.476,1,1,-1,-1,1,1,1,1,-1,-1,1,1
10.496,1,1,-1,-1,1,-1,1,1,-1,-1,1,-1
10.516,1,1,1,1,1,-1,1,1,1,1,1,-1
10.536,1,1,1,1,1,-1,1,1,1,1,1,-1
10.556,0.984755,1,1,1,1,-1,0.984754,1,1,1,1,-1
10.576,-1,1,1,1,1,-1,-1,1,1,1,1,-1
10.596,-1,1,1,1,1,-1,-1,1,1,1,1,-1
10.616,-1,1,1,-1,1,1,-1,1,1,-1,1,1
10.636,-1,1,1,-1,1,1,-1,1,1,-1,1,1
10.656,-1,1,1,-1,1,1,-1,1,1,-1,1,1
10.676,-1,1,1,-1,1,1,-1,1,1,-1,1,1
10.696,1,1,1,1,-1,1,1,1,1,1,-1,1
10.716,1,1,-0.999519,1,-1,1,1,1,-0.999519,1,-1,1
10.737,1,-1,-1,1,1,1,1,-1,-1,1,1,1
10.757,1,-1,-1,1,-0.999771,1,1,-1,-1,1,-0.999771,1
10.777,1,-1,-1,1,1,1,1,-1,-1,1,1,1
10.797,1,-1,-1,1,-1,-1,1,-1,-1,1,-1,-1
10.817,1,-1,0.993549,-1,-1,-1,1,-1,0.993549,-1,-1,-1
10.837,1,-1,-1,-1,-1,-1,1,-1,-1,-1,-1,-1
10.857,0.999546,-1,-1,-1,-1,-1,0.999546,-1,-1,-1,-1,-1
10.877,-1,-1,1,-1,-1,-1,-1,-1,1,-1,-1,-1
10.897,-1,-1,1,1,-1,-1,-1,-1,1,1,-1,-1
10.917,-1,-1,-1,1,-1,-1,-1,-1,-1,1,-1,-1
10.937,-1,-1,-1,-1,-1,1,-1,-1,-1,-1,-1,1
10.957,-1,-1,-1,-1,-1,1,-1,-1,-1,-1,-1,1
10.977,-1,-1,-1,-1,-1,1,-1,-1,-1,-1,-1,1
10.998,-1,-1,-1,-1,1,1,-1,-1,-1,-1,1,1
11.018,1,1,-1,-1,1,1,1,1,-1,-1,1,1
11.038,1,1,-1,-1,1,1,1,1,-1,-1,1,1
11.058,1,1,-1,1,1,-1,1,1,-1,1,1,-1
11.078,1,1,1,1,1,-1,1,1,1,1,1,-1
11.098,-1,1,1,1,1,-1,-1,1,1,1,1,-1
11.118,1,1,1,1,1,-1,1,1,1,1,1,-1
11.138,-1,1,1,1,-1,-1,-1,1,1,1,-1,-1
11.158,-1,1,1,1,1,-1,-1,1,1,1,1,-1
11.178,-1,1,1,1,1,0.994599,-1,1,1,1,1,0.994599
11.198,-1,1,1,-1,1,1,-1,1,1,-1,1,1
11.218,-1,1,1,-1,1,1,-1,1,1,-1,1,1
11.238,1,1,1,-1,1,1,1,1,1,-1,1,1
11.258,1,1,1,1,-1,1,1,1,1,1,-1,1
11.279,1,-1,1,1,-1,1,1,-1,1,1,-1,1
11.299,1,-1,-1,1,-1,1,1,-1,-1,1,-1,1
11.319,1,-1,-1,-1,1,1,1,-1,-1,-1,1,1
11.339,1,-1,-1,-1,-1,-1,1,-1,-1,-1,-1,-1
11.359,1,-1,-1,-1,-1,-1,1,-1,-1,-1,-1,-1
11.379,-1,-1,-1,1,-1,-1,-1,-1,-1,1,-1,-1
11.399,-1,-1,1,1,-1,-1,-1,-1,1,1,-1,-1
11.419,-1,-1,1,1,-1,-1,-1,-1,1,1,-1,-1
11.439,-1,-1,-1,-1,-1,-1,-1,-1,-1,-1,-1,-1
11.459,-1,-1,-1,-1,-1,-1,-1,-1,-1,-1,-1,-1
11.479,-1,-1,-1,-1,-1,1,-1,-1,-1,-1,-1,1
11.499,-1,-1,-1,-1,-1,1,-1,-1,-1,-1,-1,1
11.519,-1,-1,-1,-1,1,1,-1,-1,-1,-1,1,1
11.54,1,1,-1,-1,1,1,1,1,-1,-1,1,1
11.56,1,1,-1,-1,1,-1,1,1,-1,-1,1,-1
11.58,1,1,1,1,1,-1,1,1,1,1,1,-1
11.6,1,1,1,1,1,-1,1,1,1,1,1,-1
11.62,1,1,1,1,1,-1,1,1,1,1,1,-1
11.64,-1,1,1,1,1,-1,-1,1,1,1,1,-1
11.66,-1,1,1,1,0.999456,-1,-1,1,1,1,0.999456,-1
11.68,-1,1,1,0.029091,-1,1,-1,1,1,0.02906,-1,1
11.7,-1,1,1,-1,1,1,-1,1,1,-1,1,1
11.72,-1,1,1,-1,1,1,-1,1,1,-1,1,1
11.74,1,1,1,-1,1,1,1,1,1,-1,1,1
11.76,1,1,1,1,1,1,1,1,1,1,1,1
11.78,1,1,1,1,-1,1,1,1,1,1,-1,1
11.801,1,0.827691,-1,1,-1,1,1,0.827696,-1,1,-1,1
11.821,1,-1,1,1,1,1,1,-1,1,1,1,1
11.841,1,-1,-1,1,-1,1,1,-1,-1,1,-1,1
11.861,1,-1,-1,-1,-1,-1,1,-1,-1,-1,-1,-1
11.881,1,-1,-1,-1,-1,-1,1,-1,-1,-1,-1,-1
11.901,1,-1,-1,-1,-1,-1,1,-1,-1,-1,-1,-1
11.921,-1,-1,-0.862386,-1,-1,-1,-1,-1,-0.862392,-1,-1,-1
11.941,-1,-1,1,1,-1,-1,-1,-1,1,1,-1,-1
11.961,-1,-1,1,1,-1,-1,-1,-1,1,1,-1,-1
11.981,-1,-1,-1,1,-1,-1,-1,-1,-1,1,-1,-1
12.001,-1,-1,-1,-1,-1,1,-1,-1,-1,-1,-1,1
12.021,-1,-1,-1,-1,-1,1,-1,-1,-1,-1,-1,1
12.041,-1,-1,-1,-1,-0.999981,1,-1,-1,-1,-1,-0.999981,1
12.062,-1,-1,-1,-1,1,1,-1,-1,-1,-1,1,1
12.082,1,1,-1,-1,1,-1,1,1,-1,-1,1,-1
12.102,1,1,-1,-1,1,-1,1,1,-1,-1,1,-1
12.122,1,1,-1,1,1,-1,1,1,-1,1,1,-1
12.142,1,1,1,1,1,-1,1,1,1,1,1,-1
12.162,0.999998,1,1,1,1,-1,0.999998,1,1,1,1,-1
12.182,-1,1,1,1,1,-1,-1,1,1,1,1,-1
12.202,-1,1,1,1,1,-1,-1,1,1,1,1,-1
12.222,-1,1,1,1,1,1,-1,1,1,1,1,1
12.242,-1,1,1,-1,1,1,-1,1,1,-1,1,1
12.262,-1,1,1,-1,1,1,-1,1,1,-1,1,1
12.282,-1,1,1,-1,1,1,-1,1,1,-1,1,1
12.302,1,1,1,-1,-1,1,1,1,1,-1,-1,1
12.322,1,1,1,1,-1,1,1,1,1,1,-1,1
12.343,1,-1,-0.980856,1,-1,1,1,-1,-0.980856,1,-1,1
12.363,1,-1,-1,1,1,1,1,-1,-1,1,1,1
12.383,1,-1,0.99997,1,-1,1,1,-1,0.99997,1,-1,1
12.403,1,-1,-1,1,-0.999999,-1,1,-1,-1,1,-0.999999,-1
12.423,1,-1,-1,-1,-1,-1,1,-1,-1,-1,-1,-1
12.443,1,-1,-1,-1,-1,-1,1,-1,-1,-1,-1,-1
12.463,-1,-1,1,1,-1,-1,-1,-1,1,1,-1,-1
12.483,-1,-1,1,-1,-1,-1,-1,-1,1,-1,-1,-1
12.503,-1,-1,-1,-1,-1,-1,-1,-1,-1,-1,-1,-1
12.523,-1,-1,-1,-1,-1,-1,-1,-1,-1,-1,-1,-1
12.543,-1,-1,-1,-1,-1,1,-1,-1,-1,-1,-1,1
12.563,-1,-1,-1,-1,-1,1,-1,-1,-1,-1,-1,1
12.583,-1,-1,-1,-1,1,1,-1,-1,-1,-1,1,1
12.604,1,1,-1,1,1,1,1,1,-1,1,1,1
12.624,1,1,-1,1,1,1,1,1,-1,1,1,1
12.644,1,1,-1,-1,1,-1,1,1,-1,-1,1,-1
12.664,1,1,1,1,1,-1,1,1,1,1,1,-1
12.684,1,1,1,1,1,-1,1,1,1,1,1,-1
12.704,1,1,1,1,1,-1,1,1,1,1,1,-1
12.724,-1,1,1,1,1,-1,-1,1,1,1,1,-1
12.744,-1,1,1,1,-0.999989,-1,-1,1,1,1,-0.999989,-1
12.764,-1,1,1,-1,1,1,-1,1,1,-1,1,1
12.784,-1,1,1,-1,1,1,-1,1,1,-1,1,1
12.804,-1,1,1,-1,1,1,-1,1,1,-1,1,1
12.824,0.76048,1,1,1,1,1,0.760481,1,1,1,1,1
12.844,1,1,1,0.755658,1,1,1,1,1,0.755649,1,1
12.865,1,-1,1,1,-1,1,1,-1,1,1,-1,1
12.885,1,-1,-1,1,-1,1,1,-1,-1,1,-1,1
12.905,1,-1,-1,-1,-1,1,1,-1,-1,-1,-1,1
12.925,-1,-1,-1,-1,-1,-1,-1,-1,-1,-1,-1,-1
12.945,1,-1,-1,-1,-1,-1,1,-1,-1,-1,-1,-1
12.965,1,-1,-1,-1,-1,-1,1,-1,-1,-1,-1,-1
12.985,-1,-1,1,1,-1,-1,-1,-1,1,1,-1,-1
13.005,-1,-1,1,1,-1,-1,-1,-1,1,1,-1,-1
13.025,-1,-1,-1,1,-1,-1,-1,-1,-1,1,-1,-1
13.045,-1,-1,-1,-1,-1,1,-1,-1,-1,-1,-1,1
13.065,-1,-1,-1,-1,-1,1,-1,-1,-1,-1,-1,1
13.085,-1,-1,-1,-1,-0.999298,1,-1,-1,-1,-1,-0.999298,1
13.105,-1,-1,-1,-1,1,1,-1,-1,-1,-1,1,1
13.126,1,1,-1,-1,1,0.999996,1,1,-1,-1,1,0.999996
13.146,1,1,-1,-1,1,-1,1,1,-1,-1,1,-1
13.166,1,1,-1,1,1,-1,1,1,-1,1,1,-1
13.186,1,1,1,1,1,-1,1,1,1,1,1,-1
13.206,1,1,1,1,1,-1,1,1,1,1,1,-1
13.226,1,1,1,1,1,-1,1,1,1,1,1,-1
13.246,-1,1,1,1,1,-1,-1,1,1,1,1,-1
13.266,-1,1,1,1,-0.989404,-1,-1,1,1,1,-0.989404,-1
13.286,-1,1,1,1,1,1,-1,1,1,1,1,1
13.306,-1,1,1,-1,1,1,-1,1,1,-1,1,1
13.326,-1,1,1,-1,1,1,-1,1,1,-1,1,1
13.346,1,1,1,-1,1,1,1,1,1,-1,1,1
13.366,1,1,1,1,-1,1,1,1,1,1,-1,1
13.387,1,-1,1,1,0.99974,1,1,-1,1,1,0.99974,1
13.407,1,-1,-1,1,-1,1,1,-1,-1,1,-1,1
13.427,1,-1,-1,-1,-0.999331,1,1,-1,-1,-1,-0.999331,1
13.447,1,-1,-1,-1,-1,-1,1,-1,-1,-1,-1,-1
13.467,1,-1,-1,-1,-1,-1,1,-1,-1,-1,-1,-1
13.487,-1,-1,0.994059,1,-1,-1,-1,-1,0.994059,1,-1,-1
13.507,-1,-1,1,1,-1,-1,-1,-1,1,1,-1,-1
13.527,-1,-1,-1,1,-1,-1,-1,-1,-1,1,-1,-1
13.547,-1,-1,-1,-1,-1,-1,-1,-1,-1,-1,-1,-1
13.567,-1,-1,-1,-1,-1,1,-1,-1,-1,-1,-1,1
13.587,-1,-1,-1,-1,-1,1,-1,-1,-1,-1,-1,1
13.607,-1,-1,-1,-1,-0.996021,1,-1,-1,-1,-1,-0.996021,1
13.627,-1,-1,-1,-1,1,1,-1,-1,-1,-1,1,1
13.647,1,1,-1,-1,1,-1,1,1,-1,-1,1,-1
13.668,1,1,-1,-1,1,-1,1,1,-1,-1,1,-1
13.688,1,1,-1,1,1,-1,1,1,-1,1,1,-1
13.708,1,1,1,1,1,-1,1,1,1,1,1,-1
13.728,1,1,1,1,1,-1,1,1,1,1,1,-1
13.748,-1,1,1,1,1,-1,-1,1,1,1,1,-1
13.768,-1,1,1,1,1,-1,-1,1,1,1,1,-1
13.788,-1,1,1,1,0.999997,1,-1,1,1,1,0.999997,1
13.808,-1,1,1,-1,-1,1,-1,1,1,-1,-1,1
13.828,-1,1,1,-1,1,1,-1,1,1,-1,1,1
13.848,-1,1,1,-1,1,1,-1,1,1,-1,1,1
13.868,1,1,1,-1,1,1,1,1,1,-1,1,1
13.888,1,1,1,1,-1,1,1,1,1,1,-1,1
13.908,1,-1,1,1,-1,1,1,-1,1,1,-1,1
13.928,1,-1,-1,1,-1,1,1,-1,-1,1,-1,1
13.949,1,-1,-1,1,1,1,1,-1,-1,1,1,1
13.969,1,-1,-1,1,-0.832939,1,1,-1,-1,1,-0.832939,1
13.989,1,-1,-1,-1,-1,-1,1,-1,-1,-1,-1,-1
14.009,1,-1,-1,-1,-1,-1,1,-1,-1,-1,-1,-1
14.029,-1,-1,-1,-1,-1,-1,-1,-1,-1,-1,-1,-1
14.049,-1,-1,1,1,-1,-1,-1,-1,1,1,-1,-1
14.069,-1,-1,1,1,-1,-1,-1,-1,1,1,-1,-1
14.089,-1,-1,-1,-1,-1,-1,-1,-1,-1,-1,-1,-1
14.109,-1,-1,-1,-1,-1,-1,-1,-1,-1,-1,-1,-1
14.129,-1,-1,-1,-1,-1,1,-1,-1,-1,-1,-1,1
14.149,-1,-1,-1,-1,1,1,-1,-1,-1,-1,1,1
14.169,1,1,-1,-1,1,1,1,1,-1,-1,1,1
14.189,1,1,-1,-1,1,-0.319961,1,1,-1,-1,1,-0.319974
14.21,1,1,1,1,1,-1,1,1,1,1,1,-1
14.23,1,1,1,1,1,-1,1,1,1,1,1,-1
14.25,1,1,1,1,1,-1,1,1,1,1,1,-1
14.27,-1,1,1,1,1,-1,-1,1,1,1,1,-1
14.29,-1,1,1,1,1,-1,-1,1,1,1,1,-1
14.31,-1,1,1,-0.026366,1,1,-1,1,1,-0.026349,1,1
14.33,-1,1,1,-1,1,1,-1,1,1,-1,1,1
14.35,-1,1,1,-1,1,1,-1,1,1,-1,1,1
14.37,1,1,1,0.075991,1,1,1,1,1,0.075941,1,1
14.39,1,1,1,1,-1,1,1,1,1,1,-1,1
14.41,1,1,-1,1,-1,1,1,1,-1,1,-1,1
14.43,1,-1,-1,1,-0.999789,1,1,-1,-1,1,-0.999789,1
14.451,1,-1,-1,1,1,1,1,-1,-1,1,1,1
14.471,1,-1,-1,-1,-1,-1,1,-1,-1,-1,-1,-1
14.491,1,-1,-1,-1,-1,-1,1,-1,-1,-1,-1,-1
14.511,1,-1,-0.976206,-1,-1,-1,1,-1,-0.976204,-1,-1,-1
14.531,-1,-1,1,-1,-1,-1,-1,-1,1,-1,-1,-1
14.551,-1,-1,1,1,-1,-1,-1,-1,1,1,-1,-1
14.571,-1,-1,1,1,-1,-1,-1,-1,1,1,-1,-1
14.591,-1,-1,-1,1,-1,-1,-1,-1,-1,1,-1,-1
14.611,-1,-1,-1,-1,-1,1,-1,-1,-1,-1,-1,1
14.631,-1,-1,-1,-1,-1,1,-1,-1,-1,-1,-1,1
14.651,-1,-1,-1,-1,-1,1,-1,-1,-1,-1,-1,1
14.671,-1,-1,-1,-1,1,1,-1,-1,-1,-1,1,1
14.691,1,1,-1,-1,1,1,1,1,-1,-1,1,1
14.712,1,1,-1,-1,1,-1,1,1,-1,-1,1,-1
14.732,1,1,0.999999,1,1,-1,1,1,0.999999,1,1,-1
14.752,1,1,1,1,1,-1,1,1,1,1,1,-1
14.772,1,1,1,1,1,-1,1,1,1,1,1,-1
14.792,-1,1,1,1,1,-1,-1,1,1,1,1,-1
14.812,-1,1,1,1,1,-1,-1,1,1,1,1,-1
14.832,-1,1,1,-0.96721,1,1,-1,1,1,-0.967209,1,1
14.852,-1,1,1,-1,1,1,-1,1,1,-1,1,1
14.872,-1,1,1,-1,1,1,-1,1,1,-1,1,1
14.892,-0.941374,1,1,-1,-0.999905,1,-0.941378,1,1,-1,-0.999905,1
14.912,1,1,1,1,-1,1,1,1,1,1,-1,1
14.932,1,1,1,1,-1,1,1,1,1,1,-1,1
14.952,1,-1,-1,1,1,1,1,-1,-1,1,1,1
14.973,1,-1,-1,1,1,1,1,-1,-1,1,1,1
14.993,1,-1,-1,1,1,1,1,-1,-1,1,1,1
15.013,1,-1,-1,-1,-1,-1,1,-1,-1,-1,-1,-1
15.033,1,-1,-1,-1,-1,-1,1,-1,-1,-1,-1,-1
15.053,1,-1,-1,-1,-1,-1,1,-1,-1,-1,-1,-1
15.073,-1,-1,1,-1,-1,-1,-1,-1,1,-1,-1,-1
15.093,-1,-1,1,1,-1,-1,-1,-1,1,1,-1,-1
15.113,-1,-1,0.999999,1,-1,-1,-1,-1,0.999999,1,-1,-1
15.133,-1,-1,-1,1,-1,-1,-1,-1,-1,1,-1,-1
15.153,-1,-1,-1,1,-1,1,-1,-1,-1,1,-1,1
15.173,-1,-1,-1,-1,-1,1,-1,-1,-1,-1,-1,1
15.193,-1,-1,-1,-1,-1,1,-1,-1,-1,-1,-1,1
15.213,-1,-1,-1,-1,1,1,-1,-1,-1,-1,1,1
15.234,1,1,-1,-1,1,1,1,1,-1,-1,1,1
15.254,1,1,-1,-1,1,-1,1,1,-1,-1,1,-1
15.274,1,1,-1,-1,1,-1,1,1,-1,-1,1,-1
15.294,1,1,1,1,1,-1,1,1,1,1,1,-1
15.314,1,1,1,1,1,-1,1,1,1,1,1,-1
15.334,1,1,1,1,0.999835,-1,1,1,1,1,0.999835,-1
15.354,-1,1,1,1,1,-1,-1,1,1,1,1,-1
15.374,-1,1,1,1,-1,-1,-1,1,1,1,-1,-1
15.394,-1,1,1,-1,1,-1,-1,1,1,-1,1,-1
15.414,-1,1,1,-1,1,1,-1,1,1,-1,1,1
15.434,-1,1,1,0.787817,1,1,-1,1,1,0.787816,1,1
15.454,1,1,1,-1,1,1,1,1,1,-1,1,1
15.474,1,1,1,1,-1,1,1,1,1,1,-1,1
15.495,1,1,-1,1,-1,1,1,1,-1,1,-1,1
15.515,1,-1,-1,1,0.999998,1,1,-1,-1,1,0.999998,1
15.535,1,-1,-1,1,-1,1,1,-1,-1,1,-1,1
15.555,1,-1,-1,1,-1,1,1,-1,-1,1,-1,1
15.575,1,-1,-1,-1,-1,-1,1,-1,-1,-1,-1,-1
15.595,-1,-1,-1,-1,-1,-1,-1,-1,-1,-1,-1,-1
15.615,1,-1,1,-1,-1,-1,1,-1,1,-1,-1,-1
15.635,-1,-1,1,1,-1,-1,-1,-1,1,1,-1,-1
15.655,-1,-1,1,1,-1,-1,-1,-1,1,1,-1,-1
15.675,-1,-1,-1,-1,-1,-1,-1,-1,-1,-1,-1,-1
15.695,-1,-1,-1,-1,-1,1,-1,-1,-1,-1,-1,1
15.715,-1,-1,-1,-1,-1,1,-1,-1,-1,-1,-1,1
15.735,-1,-1,-1,-1,-1,1,-1,-1,-1,-1,-1,1
15.756,-1,-1,-1,-1,1,1,-1,-1,-1,-1,1,1
15.776,1,1,-1,-1,1,1,1,1,-1,-1,1,1
15.796,1,1,-1,-1,1,1,1,1,-1,-1,1,1
15.816,1,1,-1,1,1,-1,1,1,-1,1,1,-1
15.836,1,1,1,1,1,-1,1,1,1,1,1,-1
15.856,1,1,1,1,1,-1,1,1,1,1,1,-1
15.876,-1,1,1,1,1,-1,-1,1,1,1,1,-1
15.896,-1,1,1,1,1,-1,-1,1,1,1,1,-1
15.916,-1,1,1,1,-0.991932,-1,-1,1,1,1,-0.991932,-1
15.936,-1,1,1,-1,1,1,-1,1,1,-1,1,1
15.956,-1,1,1,-1,1,1,-1,1,1,-1,1,1
15.976,1,1,1,-1,1,1,1,1,1,-1,1,1
15.996,1,1,1,1,-0.996959,1,1,1,1,1,-0.996959,1
16.016001,1,1,1,1,-0.999957,1,1,1,1,1,-0.999957,1
16.037001,1,-1,1,1,1,1,1,-1,1,1,1,1
16.056999,1,-1,-1,1,1,1,1,-1,-1,1,1,1
16.077,1,-1,-1,-1,-1,1,1,-1,-1,-1,-1,1
16.097,1,-1,-1,-1,-1,-1,1,-1,-1,-1,-1,-1
16.117001,1,-1,-1,-1,-1,-1,1,-1,-1,-1,-1,-1
16.136999,-0.999999,-1,-1,-1,-1,-1,-0.999999,-1,-1,-1,-1,-1
16.157,-1,-1,1,1,-1,-1,-1,-1,1,1,-1,-1
16.177,-1,-1,1,1,-1,-1,-1,-1,1,1,-1,-1
16.197001,-1,-1,-1,1,-1,-1,-1,-1,-1,1,-1,-1
16.216999,-1,-1,-1,-1,-1,-1,-1,-1,-1,-1,-1,-1
16.237,-1,-1,-1,-1,-1,1,-1,-1,-1,-1,-1,1
16.257,-1,-1,-1,-1,-1,1,-1,-1,-1,-1,-1,1
16.277,-1,-1,-1,-1,1,1,-1,-1,-1,-1,1,1
16.297001,1,1,-1,-1,1,1,1,1,-1,-1,1,1
16.318001,1,1,-1,-1,1,-1,1,1,-1,-1,1,-1
16.337999,1,1,-0.99856,1,1,-1,1,1,-0.998561,1,1,-1
16.358,1,1,1,1,1,-1,1,1,1,1,1,-1
16.378,1,1,1,1,1,-1,1,1,1,1,1,-1
16.398001,-1,1,1,1,1,-1,-1,1,1,1,1,-1
16.417999,-1,1,1,1,1,-1,-1,1,1,1,1,-1
16.438,-1,1,1,1,1,1,-1,1,1,1,1,1
16.458,-1,1,1,-1,0.999105,1,-1,1,1,-1,0.999105,1
16.478001,-1,1,1,-1,1,1,-1,1,1,-1,1,1
16.497999,0.999987,1,1,-1,1,1,0.999987,1,1,-1,1,1
16.518,1,1,1,1,-1,1,1,1,1,1,-1,1
16.538,1,1,1,1,-1,1,1,1,1,1,-1,1
16.559,1,-1,-1,1,-1,1,1,-1,-1,1,-1,1
16.579,1,-1,-1,1,1,1,1,-1,-1,1,1,1
16.599001,1,-1,-1,1,-1,1,1,-1,-1,1,-1,1
16.618999,1,-1,-1,-0.995357,-1,-1,1,-1,-1,-0.995357,-1,-1
16.639,-1,-1,-1,-1,-1,-1,-1,-1,-1,-1,-1,-1
16.659,1,-1,1,-1,-1,-1,1,-1,1,-1,-1,-1
16.679001,-1,-1,1,-0.82715,-1,-1,-1,-1,1,-0.827157,-1,-1
16.698999,-1,-1,-1,1,-1,-1,-1,-1,-1,1,-1,-1
16.719,-1,-1,-1,1,-1,-1,-1,-1,-1,1,-1,-1
16.739,-1,-1,-1,-1,-1,-1,-1,-1,-1,-1,-1,-1
16.759001,-1,-1,-1,-1,-1,1,-1,-1,-1,-1,-1,1
16.778999,-1,-1,-1,-1,-1,1,-1,-1,-1,-1,-1,1
16.799,-1,-1,-1,-1,1,1,-1,-1,-1,-1,1,1
16.82,1,1,-1,-1,1,1,1,1,-1,-1,1,1
16.84,1,1,-1,1,1,-1,1,1,-1,1,1,-1
16.860001,1,1,1,1,1,-1,1,1,1,1,1,-1
16.879999,1,1,1,1,1,-1,1,1,1,1,1,-1
16.9,1,1,1,1,1,-1,1,1,1,1,1,-1
16.92,-1,1,1,1,1,-1,-1,1,1,1,1,-1
16.940001,-1,1,1,1,1,-1,-1,1,1,1,1,-1
16.959999,-1,1,1,-1,1,1,-1,1,1,-1,1,1
16.98,-1,1,1,-1,1,1,-1,1,1,-1,1,1
17,-1,1,1,-1,1,1,-1,1,1,-1,1,1
17.02,1,1,1,-1,-0.99992,1,1,1,1,-1,-0.99992,1
17.040001,1,1,1,1,-1,1,1,1,1,1,-1,1
17.059999,1,1,1,1,-1,1,1,1,1,1,-1,1
17.080999,1,-1,-1,1,1,1,1,-1,-1,1,1,1
17.101,1,-1,-1,1,1,1,1,-1,-1,1,1,1
17.121,1,-1,-1,1,-1,-0.972662,1,-1,-1,1,-1,-0.972661
17.141001,1,-1,-1,-1,-1,-1,1,-1,-1,-1,-1,-1
17.160999,1,-1,-1,-1,-1,-1,1,-1,-1,-1,-1,-1
17.181,-1,-1,-1,-1,-1,-1,-1,-1,-1,-1,-1,-1
17.201,-1,-1,1,1,-1,-1,-1,-1,1,1,-1,-1
17.221001,-1,-1,1,1,-1,-1,-1,-1,1,1,-1,-1
17.240999,-1,-1,-0.999941,1,-1,-1,-1,-1,-0.999941,1,-1,-1
17.261,-1,-1,-1,-1,-1,1,-1,-1,-1,-1,-1,1
17.281,-1,-1,-1,-1,-1,1,-1,-1,-1,-1,-1,1
17.301001,-1,-1,-1,-1,-1,1,-1,-1,-1,-1,-1,1
17.320999,-1,-1,-1,-1,1,1,-1,-1,-1,-1,1,1
17.341999,1,1,-1,-1,1,1,1,1,-1,-1,1,1
17.362,1,1,0.999999,-1,1,-1,1,1,0.999999,-1,1,-1
17.382,1,1,1,1,1,-1,1,1,1,1,1,-1
17.402,1,1,1,1,1,-1,1,1,1,1,1,-1
17.422001,-0.99848,1,1,1,1,-1,-0.99848,1,1,1,1,-1
17.441999,-1,1,1,1,1,-1,-1,1,1,1,1,-1
17.462,-1,1,1,1,1,1,-1,1,1,1,1,1
17.482,-1,1,1,-1,1,1,-1,1,1,-1,1,1
17.502001,-1,1,1,-1,1,1,-1,1,1,-1,1,1
17.521999,1,1,1,-1,1,1,1,1,1,-1,1,1
17.542,1,1,1,-1,1,1,1,1,1,-1,1,1
17.562,1,1,1,1,-1,1,1,1,1,1,-1,1
17.583,1,1,-1,1,-1,1,1,1,-1,1,-1,1
17.603001,1,-1,-1,1,-0.613988,1,1,-1,-1,1,-0.613998,1
17.622999,1,-1,-1,1,1,1,1,-1,-1,1,1,1
17.643,1,-1,-1,1,-1,1,1,-1,-1,1,-1,1
17.663,1,-1,-1,-1,-1,-1,1,-1,-1,-1,-1,-1
17.683001,1,-1,-1,-1,-1,-1,1,-1,-1,-1,-1,-1
17.702999,-1,-1,-1,-1,-1,-1,-1,-1,-1,-1,-1,-1
17.723,-1,-1,1,-1,-1,-1,-1,-1,1,-1,-1,-1
17.743,-1,-1,1,1,-1,-1,-1,-1,1,1,-1,-1
17.763,-1,-1,-1,1,-1,-1,-1,-1,-1,1,-1,-1
17.783001,-1,-1,-1,-1,-1,-1,-1,-1,-1,-1,-1,-1
17.802999,-1,-1,-1,-1,-1,-1,-1,-1,-1,-1,-1,-1
17.823,-1,-1,-1,-1,-1,1,-1,-1,-1,-1,-1,1
17.844,-1,-1,-1,-1,1,1,-1,-1,-1,-1,1,1
17.864,1,1,-1,-1,1,1,1,1,-1,-1,1,1
17.884001,1,1,1,1,1,-1,1,1,1,1,1,-1
17.903999,1,1,1,1,1,-1,1,1,1,1,1,-1
17.924,1,1,1,1,1,-1,1,1,1,1,1,-1
17.944,1,1,1,1,1,-1,1,1,1,1,1,-1
17.964001,-1,1,1,1,1,-1,-1,1,1,1,1,-1
17.983999,-1,1,1,0.998807,-1,-1,-1,1,1,0.998807,-1,-1
18.004,-1,1,1,-1,1,1,-1,1,1,-1,1,1
18.024,-1,1,1,-1,0.991716,1,-1,1,1,-1,0.991715,1
18.044001,-1,1,1,-1,-0.445338,1,-1,1,1,-1,-0.445339,1
18.063999,-1,1,1,-1,1,1,-1,1,1,-1,1,1
18.084999,1,1,1,-1,0.742858,1,1,1,1,-1,0.742861,1
18.105,1,1,0.998504,1,0.925148,1,1,1,0.998504,1,0.925148,1
18.125,1,-1,-1,1,-1,1,1,-1,-1,1,-1,1
18.145,1,-1,-1,1,1,1,1,-1,-1,1,1,1
18.165001,1,-1,-1,1,-1,1,1,-1,-1,1,-1,1
18.184999,1,-1,-1,1,-1,-1,1,-1,-1,1,-1,-1
18.205,1,-1,-1,-1,-1,-1,1,-1,-1,-1,-1,-1
18.225,1,-1,-1,-1,-1,-1,1,-1,-1,-1,-1,-1
18.245001,-1,-1,1,-1,-1,-1,-1,-1,1,-1,-1,-1
18.264999,-1,-1,1,1,-1,-1,-1,-1,1,1,-1,-1
18.285,-1,-1,-1,1,-1,-1,-1,-1,-1,1,-1,-1
18.305,-1,-1,-1,-1,-1,-1,-1,-1,-1,-1,-1,-1
18.325001,-1,-1,-1,-1,-1,1,-1,-1,-1,-1,-1,1
18.346001,-1,-1,-1,-1,-1,1,-1,-1,-1,-1,-1,1
18.365999,-1,-1,-1,-1,1,1,-1,-1,-1,-1,1,1
18.386,1,1,-1,-1,1,1,1,1,-1,-1,1,1
18.406,1,1,-1,-1,1,-1,1,1,-1,-1,1,-1
18.426001,1,1,-0.999956,1,1,-1,1,1,-0.999956,1,1,-1
18.445999,1,1,1,1,1,-1,1,1,1,1,1,-1
18.466,1,1,1,1,1,-1,1,1,1,1,1,-1
18.486,-1,1,1,1,1,-1,-1,1,1,1,1,-1
18.506001,-1,1,1,1,-1,-1,-1,1,1,1,-1,-1
18.525999,-1,1,1,1,1,-1,-1,1,1,1,1,-1
18.546,-1,1,1,-1,1,1,-1,1,1,-1,1,1
18.566,-1,1,1,-1,1,1,-1,1,1,-1,1,1
18.586,-0.653786,1,1,-1,1,1,-0.653776,1,1,-1,1,1
18.606001,1,1,1,-1,1,1,1,1,1,-1,1,1
18.627001,1,1,1,1,-1,1,1,1,1,1,-1,1
18.646999,1,-1,1,1,-1,1,1,-1,1,1,-1,1
18.667,1,-1,-1,1,-1,1,1,-1,-1,1,-1,1
18.687,1,-1,-1,1,0.999314,1,1,-1,-1,1,0.999314,1
18.707001,1,-1,-1,-1,-1,-1,1,-1,-1,-1,-1,-1
18.726999,1,-1,-1,-1,-1,-1,1,-1,-1,-1,-1,-1
18.747,1,-1,-1,-1,-1,-1,1,-1,-1,-1,-1,-1
18.767,-1,-1,1,-1,-1,-1,-1,-1,1,-1,-1,-1
18.787001,-1,-1,1,1,-1,-1,-1,-1,1,1,-1,-1
18.806999,-1,-1,1,1,-1,-1,-1,-1,1,1,-1,-1
18.827,-1,-1,-1,1,-1,1,-1,-1,-1,1,-1,1
18.847,-1,-1,-1,-1,-1,1,-1,-1,-1,-1,-1,1
18.867001,-1,-1,-1,-1,-1,1,-1,-1,-1,-1,-1,1
18.886999,-1,-1,-1,-1,1,1,-1,-1,-1,-1,1,1
18.907,1,1,-1,-1,1,1,1,1,-1,-1,1,1
18.927999,1,1,-1,-1,1,1,1,1,-1,-1,1,1
18.948,1,1,-1,-1,1,-1,1,1,-1,-1,1,-1
18.968,1,1,-1,1,1,-1,1,1,-1,1,1,-1
18.988001,1,1,1,1,1,-1,1,1,1,1,1,-1
19.007999,1,1,1,1,1,-1,1,1,1,1,1,-1
19.028,-1,1,1,1,-1,-1,-1,1,1,1,-1,-1
19.048,-1,1,1,1,-1,-1,-1,1,1,1,-1,-1
19.068001,-1,1,1,1,1,-1,-1,1,1,1,1,-1
19.087999,-1,1,1,-1,1,1,-1,1,1,-1,1,1
19.108,-1,1,1,-1,1,1,-1,1,1,-1,1,1
19.128,-1,1,1,-1,1,1,-1,1,1,-1,1,1
19.149,1,1,1,1,1,1,1,1,1,1,1,1
19.169001,1,-1,1,1,-1,1,1,-1,1,1,-1,1
19.188999,1,-1,-1,1,-1,1,1,-1,-1,1,-1,1
19.209,1,-1,-1,1,1,1,1,-1,-1,1,1,1
19.229,1,-1,-1,1,-1,-1,1,-1,-1,1,-1,-1
19.249001,1,-1,-1,-1,-1,-1,1,-1,-1,-1,-1,-1
19.268999,1,-1,-1,-1,-1,-1,1,-1,-1,-1,-1,-1
19.289,-1,-1,1,-1,-1,-1,-1,-1,1,-1,-1,-1
19.309,-1,-1,1,1,-1,-1,-1,-1,1,1,-1,-1
19.329,-1,-1,-1,1,-1,1,-1,-1,-1,1,-1,1
19.349001,-1,-1,-1,-1,-1,1,-1,-1,-1,-1,-1,1
19.368999,-1,-1,-1,-1,-1,1,-1,-1,-1,-1,-1,1
19.389,-1,-1,-1,-1,-1,1,-1,-1,-1,-1,-1,1
19.409,-1,-1,-1,-1,1,1,-1,-1,-1,-1,1,1
19.43,1,1,-1,-1,1,-1,1,1,-1,-1,1,-1
19.450001,1,1,-1,1,1,-1,1,1,-1,1,1,-1
19.469999,1,1,1,1,1,-1,1,1,1,1,1,-1
19.49,1,1,1,1,1,-1,1,1,1,1,1,-1
19.51,-0.905882,1,1,1,1,-1,-0.90588,1,1,1,1,-1
19.530001,-1,1,1,1,1,-1,-1,1,1,1,1,-1
19.549999,-1,1,1,1,1,1,-1,1,1,1,1,1
19.57,-1,1,1,-1,1,1,-1,1,1,-1,1,1
19.59,-1,1,1,-1,1,1,-1,1,1,-1,1,1
19.610001,-1,1,1,-1,1,1,-1,1,1,-1,1,1
19.629999,1,1,1,-1,1,1,1,1,1,-1,1,1
19.65,1,1,1,1,-1,1,1,1,1,1,-1,1
19.67,1,-1,-1,1,-1,1,1,-1,-1,1,-1,1
19.690001,1,-1,-1,1,1,1,1,-1,-1,1,1,1
19.711,1,-1,-1,1,-1,1,1,-1,-1,1,-1,1
19.731001,1,-1,-1,-1,-1,-1,1,-1,-1,-1,-1,-1
19.750999,1,-1,-1,-1,-1,-1,1,-1,-1,-1,-1,-1
19.771,1,-1,-1,-1,-1,-1,1,-1,-1,-1,-1,-1
19.791,-1,-1,-1,-1,-1,-1,-1,-1,-1,-1,-1,-1
19.811001,-1,-1,1,1,-1,-1,-1,-1,1,1,-1,-1
19.830999,-1,-1,1,1,-1,-1,-1,-1,1,1,-1,-1
19.851,-1,-1,-1,1,-1,-1,-1,-1,-1,1,-1,-1
19.871,-1,-1,-1,-1,-1,-1,-1,-1,-1,-1,-1,-1
19.891001,-1,-1,-1,-1,-1,1,-1,-1,-1,-1,-1,1
19.910999,1,1,-1,-1,1,1,1,1,-1,-1,1,1
19.931,1,1,-1,-1,1,1,1,1,-1,-1,1,1
19.952,1,1,-1,-1,1,-1,1,1,-1,-1,1,-1
19.972,1,1,1,1,1,-1,1,1,1,1,1,-1
19.992001,1,1,1,1,1,-1,1,1,1,1,1,-1
20.011999,-1,1,1,1,-0.999999,-1,-1,1,1,1,-0.999999,-1
20.032,-1,1,1,1,1,-1,-1,1,1,1,1,-1
20.052,-1,1,1,1,1,-0.998359,-1,1,1,1,1,-0.998359
