timestamp,imu_w,imu_x,imu_y,imu_z,pos1,pos2,pos3,pos4,pos5,pos6,vel1,vel2,vel3,vel4,vel5,vel6
0.044000,0.600305,-0.600334,-0.373523,-0.373783,0.005055,0.010974,-0.008348,0.009115,-0.006370,-0.002370,-0.031723,0.003525,-0.002518,0.023666,0.010574,0.058914
0.047000,0.600267,-0.600350,-0.373582,-0.373759,0.005055,0.010974,-0.008348,0.009115,-0.006370,-0.002370,-0.024673,-0.017624,-0.021652,-0.110275,0.043808,0.075027
0.064000,0.600267,-0.600350,-0.373582,-0.373759,-0.011823,0.002918,-0.006046,-0.003544,-0.019797,-0.000451,-1.110321,-0.850491,-0.055893,-1.029755,-1.065002,0.059921
0.084000,0.600547,-0.601209,-0.372541,-0.372966,-0.021797,-0.022784,-0.000675,-0.032315,-0.051253,-0.007740,-0.394279,-1.208012,0.365070,-1.486977,-1.586678,-0.509087
0.105000,0.602494,-0.603500,-0.369587,-0.369045,-0.021797,-0.050021,0.001626,-0.050729,-0.064297,-0.027305,-0.088120,-1.248295,0.079056,-0.689358,-0.437584,-0.923004
0.125000,0.603396,-0.606360,-0.367058,-0.365390,-0.013741,-0.077641,-0.005279,-0.056099,-0.065063,-0.052623,0.602745,-1.258366,-0.472832,0.087112,0.064957,-1.288578
0.145000,0.601261,-0.610984,-0.365888,-0.362367,-0.009138,-0.090683,-0.007965,-0.049195,-0.055472,-0.086765,0.007553,-0.261341,-0.038773,0.238178,0.656124,-1.700481
0.165000,0.597195,-0.615368,-0.367978,-0.359546,-0.017194,-0.091066,-0.002976,-0.037302,-0.042046,-0.118988,-0.116318,0.305653,-0.035751,0.876678,0.466789,-1.875717
0.185000,0.591245,-0.622497,-0.370592,-0.354385,-0.034074,-0.073037,0.013519,-0.020807,-0.021332,-0.160418,-0.841427,0.768917,1.143557,0.875671,0.843441,-1.726665
0.205000,0.579734,-0.629654,-0.370667,-0.360626,-0.060926,-0.049637,0.041138,-0.014669,-0.002535,-0.181900,-1.272465,1.214054,1.421515,-0.124374,1.004578,-1.085144
0.225000,0.566993,-0.636876,-0.368926,-0.369867,-0.073201,-0.020482,0.074513,-0.028096,0.019332,-0.212973,-0.570518,1.352026,1.815290,-1.027740,1.015656,-1.512154
0.245000,0.554494,-0.650453,-0.368877,-0.365209,-0.073969,0.011357,0.112874,-0.056483,0.028922,-0.247114,0.080063,1.700481,2.229206,-1.405403,0.246235,-1.700481
0.266000,0.544995,-0.665528,-0.366272,-0.354821,-0.062844,0.037060,0.145865,-0.086404,0.025853,-0.273583,0.670223,0.892792,1.140535,-1.549416,-0.424492,-1.197941
0.286000,0.535132,-0.682302,-0.359527,-0.344729,-0.041362,0.043198,0.158907,-0.122465,0.012426,-0.285092,1.022705,0.173725,0.374134,-1.863628,-0.851498,-0.299610
0.306000,0.527428,-0.694247,-0.354922,-0.337449,-0.032539,0.054322,0.154687,-0.163510,-0.012125,-0.283174,0.245228,0.651089,-0.550377,-2.530327,-1.115356,0.190845
0.326000,0.523348,-0.702825,-0.355167,-0.325576,-0.034840,0.059309,0.140878,-0.196118,-0.040129,-0.272048,-0.218037,-0.014603,-0.736691,-1.170750,-1.596748,0.595695
0.346000,0.519036,-0.706611,-0.356916,-0.322357,-0.030621,0.049335,0.118244,-0.208009,-0.062379,-0.254786,0.276447,-0.475853,-1.149601,-0.097183,-0.524193,1.148592
0.366000,0.519970,-0.704089,-0.354286,-0.329198,-0.033690,0.034757,0.102900,-0.207626,-0.083477,-0.223331,-0.245228,-1.033783,-0.531242,-0.031723,-1.204990,1.691418
0.386000,0.525480,-0.698172,-0.351837,-0.335615,-0.029470,0.024784,0.100598,-0.193432,-0.099972,-0.189573,0.292561,-0.193867,0.177753,0.956238,-0.432549,1.917006
0.407000,0.536278,-0.687886,-0.341976,-0.349672,-0.031772,0.029004,0.110956,-0.171566,-0.101889,-0.147374,-0.299610,0.307667,0.547356,1.280521,0.014603,2.082170
0.427000,0.545191,-0.678059,-0.325777,-0.369962,-0.028703,0.045499,0.128219,-0.158140,-0.096519,-0.102876,0.308674,0.805172,1.098238,0.185810,0.147541,2.486015
0.447000,0.557836,-0.666111,-0.305229,-0.389809,-0.012974,0.055472,0.149701,-0.146248,-0.080791,-0.045718,1.787090,1.678324,0.115311,0.569511,1.483955,2.778072
0.467000,0.571550,-0.653667,-0.285737,-0.405469,-0.006453,0.057007,0.172717,-0.125534,-0.053171,0.000315,0.247242,0.557426,1.278507,1.065004,0.857540,2.531334
0.487000,0.576941,-0.647519,-0.274014,-0.415662,0.003905,0.046266,0.180006,-0.087555,-0.035909,0.041746,0.427513,-0.935089,0.056900,2.022751,0.635983,1.598764
0.507000,0.578019,-0.646589,-0.254976,-0.427556,0.006589,0.037826,0.172333,-0.065306,-0.027853,0.060159,0.066971,0.131428,-0.342915,0.763882,0.371113,0.810207
0.527000,0.579580,-0.644533,-0.242832,-0.435543,0.016564,0.026702,0.153921,-0.060703,-0.030922,0.063612,0.692379,-0.924011,-1.027740,0.011581,-0.386223,-0.056900
0.547000,0.580927,-0.643752,-0.239692,-0.436641,0.017330,0.002918,0.127451,-0.069142,-0.044348,0.056323,-0.097183,-1.218082,-1.414467,-0.593681,-0.745754,-0.628933
0.568000,0.581983,-0.644538,-0.241125,-0.433273,0.003137,-0.027003,0.095611,-0.085253,-0.067749,0.036375,-1.214054,-1.409431,-1.435616,-0.884735,-1.219090,-1.189884
0.588000,0.578007,-0.650182,-0.245532,-0.427650,-0.021414,-0.051939,0.063388,-0.105585,-0.081559,0.011823,-1.199955,-1.176792,-1.914993,-0.965302,-0.414421,-1.508125
0.608000,0.569319,-0.656054,-0.257048,-0.423551,-0.035991,-0.080710,0.012368,-0.119396,-0.082326,-0.006973,-0.527214,-1.710552,-2.437675,-0.583611,-0.036758,-0.798122
0.628000,0.555145,-0.657939,-0.284816,-0.421676,-0.035225,-0.112166,-0.019089,-0.139343,-0.076188,-0.008891,0.254292,-1.326847,-1.279514,-1.248295,0.709499,0.119339
0.648000,0.548073,-0.655138,-0.304454,-0.421566,-0.024100,-0.129811,-0.031364,-0.154687,-0.067749,-0.000451,0.823299,-0.705471,-0.237171,-0.593681,0.381187,0.624901
0.668000,0.546140,-0.654899,-0.313554,-0.417759,-0.016043,-0.135182,-0.030981,-0.157373,-0.060076,0.002618,0.184803,0.127399,0.397301,0.015610,0.218037,-0.041794
0.688000,0.546081,-0.657173,-0.315453,-0.412806,-0.021797,-0.124058,-0.019856,-0.139727,-0.051637,-0.007357,-0.426506,0.995514,0.600731,1.301670,0.809200,-0.582603
0.709000,0.542101,-0.662801,-0.311414,-0.412119,-0.038294,-0.103726,-0.000675,-0.114409,-0.031305,-0.026922,-0.796108,1.040833,1.187870,1.075075,1.121401,-1.220097
0.729000,0.537060,-0.666692,-0.304209,-0.417788,-0.062844,-0.076106,0.026561,-0.084486,0.000151,-0.052623,-1.239231,1.411444,1.702496,1.524239,1.306705,-1.317783
0.749000,0.536379,-0.669787,-0.293967,-0.421029,-0.077038,-0.042348,0.059553,-0.064923,0.025469,-0.068351,-0.471825,2.219135,1.387274,0.672237,1.507118,-0.348957
0.769000,0.535992,-0.672671,-0.281880,-0.425171,-0.076654,0.001384,0.095228,-0.058402,0.054239,-0.065282,0.161640,1.874708,2.251362,0.114304,1.231174,0.255299
0.789000,0.537154,-0.675297,-0.271716,-0.426158,-0.065913,0.039361,0.145481,-0.051496,0.071886,-0.054541,0.641018,2.089220,2.450768,0.436577,0.713528,0.658138
0.809000,0.538214,-0.677682,-0.262814,-0.426616,-0.044047,0.070050,0.184610,-0.050729,0.073805,-0.036895,1.068026,1.140535,1.647104,0.125385,-0.080063,0.921997
0.829000,0.539719,-0.677436,-0.251653,-0.431803,-0.016427,0.080025,0.204174,-0.041905,0.080326,-0.006206,1.407415,0.374134,0.620872,0.567497,0.403343,1.433599
0.850000,0.543720,-0.671682,-0.245975,-0.438986,0.001987,0.079257,0.204941,-0.025410,0.078408,0.026017,0.644039,-0.214008,-0.160633,0.741726,-0.231129,1.906935
0.870000,0.554832,-0.659364,-0.243731,-0.444968,0.005822,0.068516,0.188830,-0.006230,0.085313,0.050569,-0.906891,-0.797115,-0.795101,0.592674,1.041840,0.268391
0.890000,0.564529,-0.644276,-0.247031,-0.452981,0.016564,0.053554,0.170799,0.027145,0.084930,0.054405,0.511101,-0.649075,-1.082123,1.431585,-0.008560,-0.075027
0.910000,0.569473,-0.641292,-0.248772,-0.450063,0.016947,0.027086,0.139344,0.046709,0.072654,0.047116,-0.147541,-1.398354,-1.556465,0.725613,-0.681301,-0.394279
0.930000,0.573217,-0.638253,-0.249527,-0.449212,0.024235,-0.000151,0.107503,0.057066,0.050787,0.031004,0.446648,-1.424538,-1.653149,0.411400,-1.497047,-0.801144
0.950000,0.574774,-0.639357,-0.247985,-0.446498,0.022317,-0.045800,0.067608,0.050544,0.018948,0.004919,-0.359028,-1.921036,-1.446693,-0.586632,-1.544380,-1.371159
0.970000,0.578444,-0.640818,-0.253020,-0.436733,0.006589,-0.083394,0.036151,0.041722,-0.012508,-0.025004,-0.825314,-1.765942,-1.898880,-0.788052,-1.675304,-1.671276
0.991000,0.578291,-0.642937,-0.261427,-0.428798,-0.018345,-0.124441,-0.016020,0.020240,-0.055856,-0.064899,-1.399361,-1.863628,-2.737789,-1.287571,-2.163746,-1.951248
1.011000,0.575764,-0.639242,-0.287123,-0.421220,-0.052487,-0.163185,-0.058984,-0.014286,-0.085778,-0.090601,-1.614876,-1.901901,-1.894852,-1.834423,-1.232182,-1.231174
1.031000,0.573287,-0.630853,-0.318835,-0.414380,-0.071667,-0.196560,-0.081618,-0.055333,-0.096519,-0.099424,-0.783016,-1.596748,-0.376152,-2.191944,-0.170704,-0.229115
1.051000,0.574747,-0.623343,-0.341746,-0.405363,-0.074735,-0.223413,-0.095044,-0.096762,-0.091533,-0.097122,0.056900,-1.040833,-0.578575,-2.222157,0.386223,0.392265
1.071000,0.578944,-0.623199,-0.343747,-0.397849,-0.065530,-0.233003,-0.101948,-0.134739,-0.092299,-0.084079,0.543327,-0.172718,-0.331837,-1.562508,-0.130421,0.814236
1.091000,0.582762,-0.625322,-0.347589,-0.385413,-0.062844,-0.229550,-0.115375,-0.150467,-0.088847,-0.076023,-0.060928,0.412407,-0.735683,-0.463768,0.267384,0.219044
1.111000,0.580918,-0.628868,-0.356918,-0.373723,-0.073969,-0.211137,-0.121896,-0.151235,-0.074654,-0.067968,-0.676266,0.793087,-0.376152,0.494987,0.559441,-0.219044
1.132000,0.572000,-0.639847,-0.366573,-0.359217,-0.091999,-0.191957,-0.113457,-0.149317,-0.061227,-0.064899,-1.008606,1.779034,0.556419,-0.025681,1.250309,-0.241199
1.152000,0.568411,-0.649435,-0.358035,-0.356307,-0.099288,-0.153979,-0.102333,-0.145097,-0.035525,-0.072954,-0.216022,1.609842,0.583611,0.064957,1.826368,-0.614830
1.172000,0.571106,-0.655850,-0.350141,-0.347994,-0.113097,-0.124058,-0.076247,-0.133973,-0.014810,-0.089450,-0.733669,1.419500,1.337927,0.558434,0.543327,-0.968323
1.192000,0.576365,-0.659804,-0.337725,-0.344099,-0.116166,-0.077257,-0.046325,-0.110189,0.003604,-0.108630,-0.030716,2.205036,1.543373,1.180819,0.695400,-0.936096
1.212000,0.577843,-0.659978,-0.322381,-0.355806,-0.108878,-0.029689,-0.007580,-0.092159,0.022401,-0.118988,0.432549,2.488029,1.868666,1.007599,0.975372,-0.182789
1.232000,0.575940,-0.657856,-0.309743,-0.373602,-0.091232,0.022483,0.033850,-0.086021,0.036594,-0.118604,0.944153,2.374228,2.340994,-0.188831,0.607780,0.035751
1.252000,0.571718,-0.657759,-0.294692,-0.391980,-0.065913,0.053938,0.084486,-0.098297,0.043499,-0.108630,1.332891,1.261387,2.409475,-0.784023,0.107254,0.629940
1.273000,0.569051,-0.661790,-0.279385,-0.400199,-0.032539,0.068516,0.119395,-0.109038,0.038512,-0.091751,1.716595,0.337879,1.358068,-0.107254,-0.363056,0.977386
1.293000,0.569251,-0.664725,-0.262443,-0.406470,-0.013358,0.067748,0.138193,-0.106737,0.039662,-0.063364,0.782009,-0.065964,0.532249,0.407372,0.319752,1.452736
1.313000,0.570043,-0.662860,-0.250452,-0.415862,-0.005302,0.057774,0.140110,-0.089857,0.036978,-0.033826,1.467842,-0.547356,0.079056,0.906891,-0.358021,1.851545
1.333000,0.571106,-0.655577,-0.241396,-0.431028,-0.009906,0.040129,0.128603,-0.069142,0.040430,-0.012344,-0.398308,-1.129459,-0.679287,1.527260,0.194874,0.753811
1.353000,0.567763,-0.650252,-0.236073,-0.446193,-0.008754,0.019030,0.107887,-0.033466,0.038512,-0.007357,0.133442,-1.056946,-1.241245,1.817305,-0.393272,-0.006546
1.373000,0.555382,-0.653448,-0.231798,-0.459158,-0.015276,-0.006672,0.077199,-0.008915,0.019715,-0.014645,-0.480888,-1.589699,-1.487984,0.827328,-1.081116,-0.311695
1.393000,0.538884,-0.659500,-0.228696,-0.471553,-0.015659,-0.041197,0.047276,-0.001626,-0.004069,-0.028456,0.040787,-1.800182,-1.326847,0.247242,-1.282536,-1.020691
1.413000,0.528042,-0.664631,-0.228964,-0.476458,-0.023717,-0.079942,0.012368,-0.003929,-0.034757,-0.054158,-0.482903,-1.749828,-1.845501,-0.318745,-1.522224,-1.418495
1.434000,0.519647,-0.668197,-0.231099,-0.479659,-0.042513,-0.121372,-0.030597,-0.017738,-0.068516,-0.071803,-1.004578,-2.254383,-2.296680,-0.982422,-1.840466,-0.610802
1.454000,0.512479,-0.669242,-0.243144,-0.479959,-0.049802,-0.159350,-0.069726,-0.045743,-0.096903,-0.072570,-0.320759,-1.392311,-1.585670,-1.494026,-1.054932,0.118332
1.474000,0.504889,-0.669788,-0.262425,-0.477078,-0.048650,-0.172775,-0.086605,-0.081801,-0.104958,-0.062980,0.130421,-0.389244,-0.612816,-2.176838,-0.440605,0.477867
1.494000,0.500003,-0.673755,-0.275546,-0.469175,-0.030621,-0.182366,-0.087756,-0.105968,-0.108411,-0.049554,1.406408,-0.179768,0.050858,-0.815243,0.057907,1.218082
1.514000,0.498266,-0.681388,-0.277673,-0.458627,-0.022181,-0.175079,-0.076631,-0.109422,-0.095752,-0.035744,0.163654,0.621880,0.581596,-0.165668,0.871639,0.185810
1.534000,0.501439,-0.687620,-0.270550,-0.450046,-0.026785,-0.157047,-0.057833,-0.103283,-0.071969,-0.038430,-0.282490,0.942139,1.160677,0.340900,1.178804,-0.292561
1.554000,0.505054,-0.692170,-0.261232,-0.444498,-0.042513,-0.132880,-0.028679,-0.086788,-0.042813,-0.052623,-0.911926,1.561501,1.474892,0.946167,1.703503,-0.784023
1.575000,0.507312,-0.694184,-0.249578,-0.445482,-0.065913,-0.098739,0.003545,-0.057250,-0.005987,-0.072187,-1.183842,1.605814,1.920027,1.684366,1.580637,-0.932068
1.595000,0.509124,-0.693091,-0.234082,-0.453457,-0.077804,-0.059227,0.042673,-0.040370,0.027771,-0.076023,-0.435570,2.117418,1.718609,0.742733,1.619913,0.147541
1.615000,0.509977,-0.687602,-0.220946,-0.467237,-0.077804,-0.012426,0.082952,-0.033082,0.048869,-0.070269,0.076035,2.076128,2.227192,-0.049850,0.912933,0.238178
1.635000,0.505102,-0.682981,-0.208874,-0.484542,-0.065913,0.030155,0.135890,-0.031548,0.064215,-0.057993,0.631954,2.117418,2.395376,0.118332,0.589653,0.563469
1.655000,0.500008,-0.682406,-0.197425,-0.495316,-0.044047,0.062761,0.174251,-0.034617,0.068434,-0.039197,1.058960,1.085146,1.844496,-0.189838,-0.035751,0.959259
1.675000,0.494332,-0.680811,-0.185244,-0.507756,-0.016043,0.073502,0.196501,-0.029630,0.074572,-0.006589,1.438637,0.453697,0.603752,0.500023,0.495995,1.620920
1.695000,0.490040,-0.674920,-0.175611,-0.522977,0.003521,0.077722,0.198420,-0.017354,0.078408,0.022948,0.649075,0.013596,-0.029709,0.894806,-0.097183,1.567545
1.715000,0.487938,-0.669596,-0.172443,-0.532749,0.005822,0.075420,0.184993,0.005661,0.084930,0.045582,0.054886,-0.167683,-0.643032,1.409430,0.282490,0.781002
1.736000,0.482902,-0.668168,-0.171921,-0.539259,0.014645,0.066981,0.165429,0.026762,0.080710,0.051719,0.582603,-0.578575,-1.077087,0.770931,-0.307667,0.122360
1.756000,0.475572,-0.669344,-0.169852,-0.544940,0.015796,0.047417,0.136658,0.027528,0.069202,0.044815,-0.009567,-1.190891,-1.434608,-0.157612,-0.669216,-0.423485
1.776000,0.469364,-0.672095,-0.172423,-0.546129,0.022317,0.017496,0.103667,0.018321,0.047718,0.029086,0.401329,-1.646099,-1.860607,-0.615837,-1.168736,-0.842434
1.796000,0.466423,-0.672734,-0.178475,-0.545916,0.020399,-0.021633,0.063772,-0.001243,0.018181,0.003001,-0.147541,-2.045914,-1.969376,-1.112335,-1.385262,-1.331882
1.816000,0.463547,-0.673642,-0.187490,-0.544222,0.006589,-0.063064,0.024643,-0.030780,-0.014043,-0.026922,-0.849483,-2.070084,-2.069077,-1.469856,-1.716595,-1.752850
1.836000,0.462253,-0.674901,-0.196168,-0.540693,-0.016043,-0.113317,-0.022925,-0.063388,-0.055856,-0.048020,-1.222111,-2.215107,-2.276539,-1.783062,-1.903915,-0.875671
1.856000,0.460346,-0.677206,-0.209207,-0.534516,-0.028319,-0.150526,-0.058600,-0.102516,-0.084627,-0.054541,-0.392265,-1.660198,-1.488991,-2.096268,-1.164707,0.008560
1.877000,0.459124,-0.679743,-0.224783,-0.525953,-0.028703,-0.168940,-0.080083,-0.141262,-0.093834,-0.048403,0.002518,-0.633968,-0.793087,-1.422523,-0.156605,0.494987
1.897000,0.458945,-0.686445,-0.241168,-0.509902,-0.032539,-0.179298,-0.082768,-0.156989,-0.098821,-0.036512,-0.005539,-0.745754,-0.078049,-0.221058,-0.654110,0.487938
1.917000,0.458666,-0.695013,-0.244390,-0.496846,-0.047116,-0.170091,-0.073946,-0.148166,-0.090765,-0.026154,-0.826321,0.656124,0.547356,0.741726,0.821285,0.246235
1.937000,0.458343,-0.704865,-0.235272,-0.487581,-0.070900,-0.155130,-0.054764,-0.135890,-0.074270,-0.029990,-1.187870,0.714535,1.058960,0.547356,0.958252,-0.358021
1.957000,0.459151,-0.711291,-0.226265,-0.481715,-0.081258,-0.128277,-0.041337,-0.111723,-0.040129,-0.044951,-0.415428,1.255344,0.614830,1.125429,1.563517,-1.006592
1.977000,0.459632,-0.717547,-0.213814,-0.477648,-0.097370,-0.099506,-0.026761,-0.082185,-0.007905,-0.070269,-0.967316,1.766949,0.718563,1.373175,1.885786,-1.250309
1.997000,0.460443,-0.720652,-0.203420,-0.476731,-0.123838,-0.055775,-0.007580,-0.058017,0.033909,-0.098657,-1.313755,1.906935,1.299656,0.927032,2.021744,-1.525246
2.018000,0.463747,-0.722599,-0.189746,-0.476220,-0.136497,-0.017030,0.023876,-0.052647,0.058076,-0.110932,-0.543327,2.170794,1.797161,0.034744,1.107302,-0.205952
2.038000,0.469569,-0.720287,-0.176820,-0.478985,-0.137265,0.032456,0.057633,-0.044208,0.070352,-0.114001,0.065964,2.226185,1.831404,0.464775,0.455711,-0.026688
2.058000,0.470978,-0.717676,-0.162977,-0.486374,-0.126524,0.063145,0.103283,-0.043439,0.071503,-0.105178,0.598717,1.234196,2.344015,0.001511,-0.166676,0.517143
2.078000,0.469394,-0.714496,-0.149774,-0.496722,-0.104658,0.076571,0.135507,-0.036918,0.059610,-0.087916,1.024719,0.223072,1.213047,0.554405,-0.690365,0.890778
2.098000,0.469182,-0.708277,-0.136711,-0.509434,-0.077038,0.075037,0.152002,-0.035768,0.054239,-0.057610,1.506111,-0.095169,0.425499,-0.006546,-0.101212,1.546394
2.118000,0.470301,-0.697256,-0.126439,-0.525989,-0.034840,0.065062,0.150084,-0.030014,0.058459,-0.025387,2.363150,-0.425499,-0.667202,0.456718,0.515129,1.688396
2.139000,0.476231,-0.686099,-0.122358,-0.536191,-0.016043,0.051253,0.134356,-0.018121,0.066133,-0.007357,1.365118,-0.155598,-0.917969,0.511101,0.161640,0.815243
2.159000,0.478765,-0.679366,-0.130668,-0.540529,-0.009138,0.032840,0.112107,-0.008148,0.058843,-0.003520,0.093155,-1.616890,-1.126438,0.444633,-0.747768,-0.020645
2.179000,0.476528,-0.678529,-0.132774,-0.543039,0.001987,-0.005905,0.080651,-0.012751,0.036210,-0.011576,0.815243,-1.477913,-1.586678,-0.678280,-0.687344,-0.613823
2.199000,0.474706,-0.679691,-0.135256,-0.542569,0.005055,-0.035059,0.047659,-0.027328,0.013578,-0.028073,-0.185810,-2.024765,-1.795147,-0.715542,-1.476906,-0.948181
2.219000,0.473808,-0.683763,-0.142815,-0.536263,-0.009138,-0.070735,0.010450,-0.044208,-0.024784,-0.055692,-0.740719,-1.756878,-1.865643,-0.954224,-1.705517,-1.393318
2.239000,0.471391,-0.689143,-0.152679,-0.528736,-0.031772,-0.113317,-0.029830,-0.074896,-0.061610,-0.070269,-1.094208,-2.280567,-2.281574,-1.825359,-1.932114,-0.558434
2.259000,0.467095,-0.691889,-0.170638,-0.523445,-0.041362,-0.152445,-0.069726,-0.114409,-0.089615,-0.071420,-0.511101,-1.454750,-1.523232,-2.282581,-1.013641,0.125385
2.280000,0.463131,-0.692559,-0.197867,-0.516450,-0.042513,-0.168556,-0.090057,-0.149701,-0.097670,-0.061446,0.074020,-0.763882,-0.797115,-1.541359,-0.066971,0.634975
2.300000,0.461088,-0.694994,-0.218054,-0.506788,-0.026785,-0.178531,-0.091975,-0.165044,-0.098054,-0.045718,1.429571,-0.261341,0.409386,-0.194874,-0.243214,0.997528
2.320000,0.459001,-0.701670,-0.223740,-0.496907,-0.017961,-0.173160,-0.079699,-0.158140,-0.093067,-0.034594,0.259327,0.582603,0.842434,0.600731,0.613823,0.367085
2.340000,0.456251,-0.708609,-0.215969,-0.493017,-0.023717,-0.153979,-0.057833,-0.140110,-0.071969,-0.037278,-0.293568,0.892792,1.124422,0.702450,1.087160,-0.468803
2.360000,0.452568,-0.714037,-0.205752,-0.492950,-0.039828,-0.130579,-0.030981,-0.119012,-0.043964,-0.051856,-0.891785,1.414465,1.635019,1.158663,1.514168,-0.833370
2.380000,0.451668,-0.716828,-0.194321,-0.494362,-0.063995,-0.096821,0.002394,-0.085638,-0.007138,-0.073338,-1.265415,1.675303,1.760906,1.568552,1.696453,-1.116364
2.400000,0.450010,-0.718076,-0.177752,-0.500263,-0.077804,-0.060378,0.039987,-0.064923,0.020867,-0.085614,-0.523186,2.415518,1.646097,0.602745,1.874708,0.060928
2.421000,0.451004,-0.716311,-0.159676,-0.507935,-0.077038,-0.012043,0.077965,-0.058402,0.048869,-0.078325,0.173725,2.250355,2.160723,0.211994,0.997528,0.566490
2.441000,0.453306,-0.712245,-0.146688,-0.515464,-0.065145,0.029387,0.130520,-0.050346,0.063063,-0.063748,0.648067,2.106340,2.682398,0.399315,0.618858,0.870632
2.461000,0.449539,-0.710763,-0.135157,-0.523894,-0.044815,0.062761,0.171182,-0.048044,0.066899,-0.043416,1.070040,1.147585,1.746807,0.037766,-0.089127,1.101259
2.481000,0.444168,-0.708306,-0.122310,-0.534844,-0.017578,0.074269,0.195735,-0.040370,0.072271,-0.011576,1.465828,0.405357,0.654110,0.397301,0.507072,1.587687
2.501000,0.442194,-0.702526,-0.113834,-0.545860,0.000452,0.075420,0.197269,-0.025027,0.073421,0.021030,0.551384,-0.192860,0.020645,0.764889,-0.134449,1.779034
2.521000,0.445270,-0.692333,-0.110157,-0.557024,0.003905,0.065062,0.184610,-0.007381,0.082244,0.044815,-0.109268,-0.723598,-0.597710,1.093203,0.331837,0.562462
2.541000,0.447366,-0.684633,-0.113466,-0.564152,0.009658,0.051637,0.166963,0.027145,0.082627,0.050185,0.209980,-0.547356,-1.047882,1.635019,-0.024673,0.048843
2.562000,0.445997,-0.682512,-0.112113,-0.568063,0.024235,0.028621,0.136658,0.050544,0.069585,0.043664,0.804165,-0.978394,-1.393318,1.012634,-0.694393,-0.408379
2.582000,0.443728,-0.682071,-0.111920,-0.570402,0.028455,0.000999,0.104818,0.059751,0.047718,0.028319,0.094162,-1.621925,-1.744793,0.142506,-1.133488,-0.712521
2.602000,0.442276,-0.683903,-0.114338,-0.568854,0.020399,-0.033141,0.064923,0.055532,0.016647,0.002618,-0.536278,-1.656170,-1.972397,-0.432549,-1.588692,-1.333897
2.622000,0.445327,-0.685682,-0.119540,-0.563235,0.000068,-0.074188,0.025410,0.040954,-0.015577,-0.027305,-1.046875,-2.077133,-1.922043,-0.839413,-1.731701,-1.652142
2.642000,0.450252,-0.686867,-0.126805,-0.556243,-0.027552,-0.117920,-0.021774,0.019089,-0.057007,-0.066433,-1.371159,-2.340992,-2.174824,-1.371159,-2.074112,-1.824352
2.662000,0.455890,-0.687781,-0.139162,-0.547499,-0.044430,-0.154363,-0.057065,-0.016203,-0.084627,-0.092136,-0.581596,-1.634014,-1.390297,-1.751842,-1.036804,-1.006592
2.682000,0.460848,-0.688475,-0.155889,-0.537884,-0.047499,-0.172392,-0.078549,-0.058402,-0.094217,-0.101342,-0.059921,-0.349964,-0.754818,-2.208057,-0.418449,-0.325794
2.702000,0.466464,-0.692678,-0.176097,-0.521150,-0.043664,-0.174695,-0.086988,-0.089473,-0.090765,-0.097889,0.407372,-0.059921,-0.196888,-1.189884,0.304646,0.318745
2.722000,0.471010,-0.699205,-0.188129,-0.503855,-0.040595,-0.167405,-0.077398,-0.100598,-0.075805,-0.084846,-0.009567,0.442619,0.740719,0.145527,0.869625,0.391258
2.742000,0.474961,-0.708729,-0.187053,-0.486956,-0.047499,-0.150910,-0.057833,-0.094077,-0.059309,-0.079476,-0.521172,1.379217,1.340948,0.488945,1.737743,0.105240
2.762000,0.474269,-0.714684,-0.176195,-0.482960,-0.063995,-0.126743,-0.026377,-0.075280,-0.030538,-0.083311,-0.820278,1.084139,1.561501,0.877686,1.410437,-0.239185
2.783000,0.470409,-0.718198,-0.159969,-0.487152,-0.091615,-0.095670,0.008148,-0.052264,0.001686,-0.097889,-1.287571,1.646097,1.745800,1.228153,1.657175,-0.686337
2.803000,0.467162,-0.718553,-0.148338,-0.493393,-0.104274,-0.053089,0.043824,-0.036535,0.039662,-0.101342,-0.413414,1.787090,1.900892,0.630947,1.792126,0.291553
2.823000,0.460949,-0.717354,-0.136111,-0.504383,-0.103891,-0.013194,0.091392,-0.035768,0.062679,-0.093286,0.100204,2.214100,2.274525,-0.054886,1.068026,0.325794
2.843000,0.454627,-0.716146,-0.124540,-0.514723,-0.092766,0.017879,0.135890,-0.035768,0.076490,-0.077941,0.654110,1.120394,2.353079,0.079056,0.600731,0.928040
2.863000,0.447332,-0.715635,-0.112396,-0.524526,-0.072051,0.042046,0.176553,-0.026945,0.076490,-0.051856,1.069033,1.303684,1.702496,0.456718,-0.105240,1.193913
2.883000,0.439557,-0.712154,-0.103862,-0.537438,-0.042897,0.061994,0.196118,-0.019272,0.080326,-0.021550,1.394323,0.740719,0.809200,0.389244,0.413414,1.798168
2.903000,0.428920,-0.704995,-0.097599,-0.556313,-0.027936,0.063912,0.198036,-0.006230,0.088382,0.021030,0.562462,-0.010574,-0.148548,0.650082,0.393272,2.030807
2.923000,0.420817,-0.693406,-0.096110,-0.576945,-0.006069,0.057007,0.187679,0.011416,0.102191,0.056323,1.077089,-0.525200,-0.590660,0.801144,0.224079,1.653147
2.943000,0.416408,-0.687966,-0.102972,-0.585410,0.003521,0.051253,0.168114,0.017937,0.100657,0.083559,0.240192,-0.493980,-0.944153,0.445641,-0.452690,1.184847
2.964000,0.411054,-0.687120,-0.109900,-0.588916,0.020016,0.030155,0.138959,0.021390,0.080326,0.093917,0.790066,-1.324833,-1.772991,-0.182789,-0.871639,0.214008
2.984000,0.405760,-0.687433,-0.116797,-0.590891,0.023468,0.005986,0.107503,0.008730,0.058843,0.090848,0.020645,-1.187870,-1.165714,-0.491966,-1.082123,-0.405357
3.004000,0.402414,-0.690453,-0.130971,-0.586672,0.016564,-0.031607,0.071061,-0.009682,0.027388,0.076654,-0.372120,-2.033829,-1.993546,-1.134495,-1.800182,-0.636990
3.024000,0.403740,-0.688956,-0.139341,-0.585592,-0.002617,-0.073037,0.026945,-0.041522,-0.007905,0.055556,-0.816250,-1.946213,-2.220142,-1.632000,-1.922043,-1.210026
3.044000,0.405846,-0.687335,-0.160805,-0.580519,-0.028703,-0.114851,-0.023692,-0.075663,-0.051253,0.024099,-1.280521,-2.220142,-2.378258,-1.836437,-2.343006,-1.700481
3.064000,0.407156,-0.686595,-0.181598,-0.574312,-0.044430,-0.153979,-0.059368,-0.119779,-0.080791,0.006070,-0.547356,-1.434608,-1.458778,-2.297688,-1.080109,-0.691372
3.084000,0.410021,-0.686027,-0.200862,-0.566484,-0.045582,-0.169323,-0.077781,-0.153536,-0.089998,0.001850,0.000504,-0.642025,-0.660152,-1.592720,-0.174732,-0.128407
3.104000,0.413388,-0.688867,-0.216537,-0.554693,-0.036759,-0.176229,-0.080850,-0.172334,-0.086161,0.008371,0.655117,-0.197895,0.014603,-0.599724,0.203938,0.493980
3.124000,0.415123,-0.694402,-0.224607,-0.543168,-0.032539,-0.172392,-0.071643,-0.172718,-0.086161,0.007220,-0.062943,0.775967,0.691372,0.705471,0.309681,0.027695
3.144000,0.415835,-0.703500,-0.224976,-0.530618,-0.040978,-0.152061,-0.055915,-0.150084,-0.070434,-0.001986,-0.477867,0.858547,1.065004,0.765896,0.842434,-0.632961
3.165000,0.408163,-0.709322,-0.219305,-0.531198,-0.059008,-0.126743,-0.026377,-0.130520,-0.045499,-0.022317,-0.938110,1.259373,1.468849,1.097231,1.393316,-1.096222
3.185000,0.403450,-0.712815,-0.213070,-0.532657,-0.087780,-0.093752,0.005080,-0.101749,-0.012125,-0.051856,-1.370152,1.785076,1.785076,1.693432,1.781048,-1.172764
3.205000,0.398022,-0.716281,-0.204509,-0.535441,-0.101206,-0.051939,0.042289,-0.077965,0.022401,-0.082928,-0.573540,1.999588,1.929090,0.686337,1.540352,-1.568550
3.225000,0.391293,-0.719136,-0.191803,-0.541243,-0.101589,-0.010892,0.086404,-0.075663,0.046951,-0.123207,0.069992,2.146624,2.169786,-0.042801,1.125429,-1.901901
3.245000,0.390871,-0.723065,-0.180132,-0.540324,-0.090849,0.035909,0.131671,-0.085638,0.059227,-0.162337,0.621880,2.268482,2.504143,-0.531242,0.436577,-2.031815
3.265000,0.393949,-0.728234,-0.166239,-0.535578,-0.070900,0.066597,0.173868,-0.101366,0.060761,-0.194176,1.062990,1.277500,1.529274,-0.849483,-0.045822,-1.155643
3.285000,0.396904,-0.732077,-0.151471,-0.532528,-0.041746,0.078874,0.194583,-0.124766,0.051555,-0.205301,1.435614,0.389244,0.729641,-1.330875,-0.568504,-0.257313
3.305000,0.403644,-0.733569,-0.136802,-0.529371,-0.026785,0.078107,0.198420,-0.157373,0.031223,-0.202615,0.597710,-0.161640,-0.075027,-1.853558,-0.959259,0.370106
3.325000,0.418528,-0.733307,-0.121904,-0.521761,-0.024483,0.081942,0.189213,-0.185760,0.003221,-0.189573,-0.014603,0.366077,-0.623894,-0.953217,-1.336918,0.899841
3.345000,0.439618,-0.729487,-0.107807,-0.512798,-0.016427,0.081176,0.165045,-0.191898,-0.016345,-0.168474,0.436577,-0.045822,-1.198948,-0.035751,-0.677273,1.203983
3.366000,0.459319,-0.720254,-0.098002,-0.510545,-0.016043,0.072351,0.150084,-0.184226,-0.025551,-0.135866,-0.116318,-0.575554,-0.513115,0.670223,-0.265369,1.720623
3.386000,0.471119,-0.707826,-0.091163,-0.518380,-0.006453,0.057391,0.134740,-0.165812,-0.027085,-0.103644,0.128407,-1.146580,-0.569511,1.133486,-0.228107,1.395330
3.406000,0.473638,-0.695482,-0.083522,-0.533850,-0.008371,0.020948,0.115942,-0.145097,-0.025551,-0.064131,0.054886,-1.578621,-1.233189,0.878693,0.328815,2.022751
3.426000,0.466868,-0.691839,-0.076995,-0.545403,-0.019879,-0.010509,0.087555,-0.112875,-0.027085,-0.038430,-0.733669,-1.988510,-1.679333,1.765942,-0.500023,0.988464
3.446000,0.451129,-0.694445,-0.072920,-0.555799,-0.024483,-0.045033,0.045742,-0.089473,-0.043581,-0.027305,-0.211994,-1.625957,-1.909958,1.151613,-0.823299,0.196888
3.466000,0.431387,-0.699853,-0.071746,-0.564769,-0.041746,-0.071503,0.019272,-0.079500,-0.050869,-0.029607,-0.928040,-1.231174,-1.182835,0.227100,-0.216022,-0.298603
3.486000,0.408684,-0.709180,-0.074532,-0.569637,-0.046349,-0.093369,0.007381,-0.084103,-0.047800,-0.044951,-0.029709,-1.301670,-0.208973,-0.579582,0.557426,-0.970337
3.506000,0.393063,-0.713392,-0.075323,-0.575239,-0.036759,-0.117153,-0.000291,-0.087939,-0.028620,-0.051089,0.711514,-0.917969,-0.611809,-0.104233,1.259373,-0.149555
3.526000,0.381551,-0.714682,-0.066832,-0.582394,-0.034074,-0.123675,-0.002209,-0.084103,-0.017879,-0.062597,0.005539,-0.469810,-0.007553,0.153584,0.294575,-0.625912
3.547000,0.368932,-0.716913,-0.058975,-0.588598,-0.041746,-0.116002,0.005463,-0.066841,-0.010974,-0.079859,-0.470818,0.615837,0.544334,1.118380,0.105240,-0.892792
3.567000,0.356100,-0.722181,-0.051071,-0.590796,-0.060158,-0.093369,0.018506,-0.048427,-0.007138,-0.091368,-1.084137,1.465828,0.533257,0.982422,0.550377,-0.448662
3.587000,0.339281,-0.724718,-0.035240,-0.598691,-0.068598,-0.068434,0.040755,-0.047660,0.010509,-0.089450,-0.170704,1.277500,1.392309,-0.441612,1.345984,0.329823
3.607000,0.332771,-0.727356,-0.020024,-0.599846,-0.063227,-0.032758,0.071827,-0.048811,0.035059,-0.075639,0.387230,1.640055,1.636026,0.063950,1.126436,0.723598
3.627000,0.335093,-0.731891,-0.002201,-0.593332,-0.046349,0.000999,0.112490,-0.040755,0.045800,-0.052240,0.802151,1.757885,2.420553,0.695400,0.213001,1.181826
3.647000,0.329729,-0.733250,0.012192,-0.594537,-0.022948,0.027853,0.150084,-0.030397,0.041197,-0.024619,1.207005,0.710506,1.278507,0.527214,-0.210987,1.566538
3.667000,0.315950,-0.726727,0.027663,-0.609325,-0.010672,0.035142,0.159674,-0.017738,0.040430,0.012974,0.524193,0.278461,0.255299,0.732662,-0.042801,1.856581
3.687000,0.309467,-0.717159,0.030677,-0.623676,0.005822,0.033991,0.154304,0.004511,0.036978,0.039828,0.718563,0.400322,-0.705471,0.645046,0.655117,1.008606
3.707000,0.308240,-0.702994,0.028319,-0.640301,0.011960,0.024784,0.140110,0.008347,0.023551,0.044431,0.219044,-0.140491,-0.704464,0.128407,-0.544334,0.042801
3.728000,0.310485,-0.703203,0.018794,-0.639337,0.006974,0.010974,0.119011,0.009881,0.000919,0.039445,-0.310688,-0.717556,-1.180820,-0.100204,-1.547401,-0.346943
3.748000,0.312446,-0.704696,0.015210,-0.636829,-0.008754,-0.012810,0.086404,0.001826,-0.035141,0.022948,-0.860561,-1.486977,-1.606819,-0.779995,-1.607826,-0.850491
3.768000,0.316767,-0.706517,0.007060,-0.632805,-0.034457,-0.046184,0.051879,-0.020040,-0.053938,0.000315,-1.239231,-1.665234,-1.763927,-1.181828,-0.683315,-1.332890
3.788000,0.324107,-0.710030,-0.003800,-0.625138,-0.048267,-0.078792,0.010067,-0.046509,-0.075421,-0.031908,-0.642025,-1.640057,-2.018723,-1.370152,-1.143559,-1.525246
3.808000,0.333130,-0.714818,-0.016252,-0.614651,-0.050953,-0.115234,-0.017555,-0.078349,-0.088847,-0.052240,0.007553,-2.024765,-1.018677,-1.710552,-0.495995,-0.753811
3.828000,0.341997,-0.717916,-0.027481,-0.605706,-0.043280,-0.152445,-0.048626,-0.118245,-0.087313,-0.056459,0.520164,-1.525246,-1.401375,-2.266468,0.330830,-0.026688
3.848000,0.351698,-0.720499,-0.041850,-0.596187,-0.024867,-0.171241,-0.067808,-0.160442,-0.088080,-0.050705,1.058960,-0.628933,-0.924011,-1.616890,-0.141499,0.500023
3.868000,0.361127,-0.723522,-0.054954,-0.585733,-0.011440,-0.180449,-0.073178,-0.175403,-0.085395,-0.049938,0.524193,-0.057907,0.080063,-0.109268,0.238178,-0.204945
3.888000,0.370343,-0.727517,-0.062783,-0.574128,-0.015659,-0.171241,-0.063587,-0.172718,-0.071201,-0.062213,-0.397301,0.572533,0.515129,0.067978,0.913940,-0.855526
3.909000,0.372445,-0.733338,-0.058025,-0.565803,-0.026401,-0.153595,-0.052462,-0.160442,-0.058541,-0.082928,-0.657131,1.135500,0.482903,0.904877,1.388281,-1.265415
3.929000,0.374820,-0.740609,-0.049614,-0.555471,-0.049418,-0.126743,-0.035967,-0.131287,-0.034374,-0.114001,-1.079102,1.276493,0.814236,1.516182,1.366125,-1.259373
3.949000,0.371517,-0.744734,-0.037274,-0.553134,-0.076654,-0.093369,-0.014102,-0.098297,0.001302,-0.138935,-1.464821,1.602793,1.329870,1.598764,1.737743,-1.013641
3.969000,0.371550,-0.743785,-0.025068,-0.555073,-0.091615,-0.054624,0.018122,-0.077582,0.033141,-0.156582,-0.602745,2.294666,1.641062,1.144564,1.873701,-0.616844
3.989000,0.364624,-0.741884,-0.014829,-0.562528,-0.095068,-0.009741,0.057250,-0.067607,0.058843,-0.160802,0.005539,2.074114,2.228199,-0.002518,1.067019,-0.033737
4.009000,0.354615,-0.741943,-0.004508,-0.568989,-0.085093,0.032456,0.104818,-0.076047,0.073037,-0.155048,0.555412,2.153673,2.345022,-0.649075,0.495995,0.338886
4.029000,0.349193,-0.743824,0.010433,-0.569809,-0.065530,0.064679,0.147783,-0.082569,0.074955,-0.141237,0.966309,1.327856,2.141588,-0.255299,-0.166676,0.855526
4.049000,0.348069,-0.744556,0.022986,-0.569172,-0.039060,0.078107,0.186144,-0.077198,0.063447,-0.117070,1.325842,0.449669,1.617899,0.578575,-0.677273,1.292606
4.069000,0.344803,-0.740643,0.034119,-0.575669,-0.004151,0.077722,0.203790,-0.055716,0.058459,-0.086380,1.708538,-0.183796,0.484917,1.225132,0.009567,1.671274
4.089000,0.336645,-0.731166,0.039818,-0.592015,0.015413,0.066213,0.205325,-0.026178,0.061912,-0.048403,0.836391,-0.578575,-0.142506,1.614878,0.187824,1.992538
4.110000,0.327423,-0.717522,0.037194,-0.613655,0.020016,0.046650,0.191131,0.007580,0.060377,-0.001986,0.096176,-1.057953,-0.820278,1.743786,-0.148548,1.971390
4.130000,0.319776,-0.704256,0.030273,-0.633128,0.014645,0.022483,0.168114,0.025994,0.054239,0.022948,-0.318745,-1.796154,-0.744747,1.127443,-0.620872,0.933075
4.150000,0.313903,-0.698386,0.022006,-0.642835,0.016947,0.002918,0.144331,0.035584,0.038512,0.033689,0.164661,-1.191898,-1.263401,0.505058,-1.128452,0.375145
4.170000,0.309198,-0.697838,0.022504,-0.645687,0.010426,-0.036210,0.111339,0.033666,0.006673,0.031004,-0.364063,-1.871685,-1.983475,-0.457726,-1.219090,-0.169697
4.190000,0.306831,-0.699758,0.016766,-0.644912,-0.007220,-0.070735,0.068758,0.017554,-0.023633,0.016427,-0.885742,-1.822338,-1.872692,-0.850491,-1.643078,-1.002563
4.210000,0.307787,-0.704809,0.006045,-0.639121,-0.034074,-0.117537,0.028479,-0.004695,-0.061610,-0.005055,-1.314762,-2.307758,-2.136555,-1.300663,-2.105331,-1.106293
4.230000,0.309309,-0.709408,-0.006309,-0.633268,-0.047884,-0.163185,-0.021390,-0.032315,-0.090382,-0.036128,-0.585625,-2.298695,-2.443718,-1.575600,-0.905884,-1.488991
4.250000,0.312539,-0.714029,-0.019397,-0.626183,-0.049802,-0.200397,-0.056299,-0.072978,-0.099972,-0.055692,0.015610,-1.477913,-1.387276,-2.029800,-0.309681,-0.613823
4.270000,0.316862,-0.719096,-0.034638,-0.617495,-0.042129,-0.218042,-0.075097,-0.117861,-0.095752,-0.059912,0.511101,-0.767910,-0.577568,-2.508171,0.317738,-0.041794
4.290000,0.324025,-0.724939,-0.047250,-0.606002,-0.038294,-0.228016,-0.090440,-0.153920,-0.080408,-0.052623,-0.062943,-0.350971,-1.077087,-1.284550,0.992493,0.508080
4.311000,0.329992,-0.731382,-0.051462,-0.594590,-0.046349,-0.227633,-0.098879,-0.170033,-0.078490,-0.041498,-0.247242,-0.164661,-0.027695,-0.184803,-0.330830,0.455711
4.331000,0.333499,-0.739621,-0.058230,-0.581677,-0.063995,-0.209602,-0.096195,-0.165044,-0.073502,-0.028073,-0.965302,1.338934,0.188831,0.342915,0.352985,0.213001
4.351000,0.339355,-0.743367,-0.054557,-0.573819,-0.088930,-0.182751,-0.085070,-0.150467,-0.060459,-0.031908,-1.278507,1.269444,0.893799,0.735683,1.106295,-0.235157
4.371000,0.346928,-0.744157,-0.052979,-0.568387,-0.102740,-0.152828,-0.060902,-0.128986,-0.030922,-0.048020,-0.495995,1.545387,1.429571,1.121401,1.449715,-0.812222
4.391000,0.352187,-0.742987,-0.045317,-0.567346,-0.119619,-0.116002,-0.032515,-0.098297,-0.002151,-0.070652,-0.987457,1.877729,1.495033,1.374182,0.986450,-1.390297
4.411000,0.358489,-0.738403,-0.033370,-0.570204,-0.128058,-0.071503,-0.000291,-0.078349,0.027388,-0.077558,-0.336872,2.466881,1.396338,0.924011,2.152666,0.537285
4.431000,0.366131,-0.732366,-0.022989,-0.573637,-0.124989,-0.020866,0.036151,-0.067992,0.064598,-0.070269,0.253284,2.078142,2.107347,0.265369,1.987503,0.477867
4.451000,0.371288,-0.726229,-0.016037,-0.578342,-0.110029,0.024784,0.089473,-0.072211,0.101041,-0.055692,0.762875,2.293659,2.529320,-0.468803,1.441658,0.791073
4.471000,0.371680,-0.725470,-0.006701,-0.579226,-0.085093,0.059692,0.137809,-0.079500,0.121756,-0.038046,1.274479,1.300663,2.434652,-0.275440,1.010620,0.882721
4.491000,0.375322,-0.726009,0.004696,-0.576214,-0.055172,0.070817,0.178854,-0.076431,0.125976,-0.009275,1.598764,0.404350,1.686380,0.208973,0.027695,1.344976
4.512000,0.380680,-0.722107,0.014481,-0.577438,-0.035225,0.071200,0.198803,-0.057634,0.120605,0.021414,0.808193,-0.142506,0.749783,1.110323,-0.413414,1.807232
4.532000,0.380913,-0.713379,0.018567,-0.587921,-0.013358,0.060076,0.202256,-0.030014,0.117152,0.060926,1.285557,-0.667202,0.026688,1.427557,0.017624,2.285603
4.552000,0.381528,-0.697209,0.015693,-0.606704,0.002754,0.042814,0.189597,-0.003544,0.114850,0.088546,0.653103,-1.512154,-0.252277,1.822340,-0.608788,0.891785
4.572000,0.386325,-0.690174,0.010421,-0.611804,0.000836,0.021332,0.169264,0.021390,0.095286,0.096986,-0.327808,-1.451729,-1.307713,0.943146,-1.260380,0.286518
4.592000,0.384992,-0.689580,0.019147,-0.613102,0.005822,-0.010125,0.140494,0.029830,0.068051,0.093149,0.262348,-1.755871,-1.351017,0.245228,-1.549416,-0.412407
4.612000,0.384890,-0.690041,0.022661,-0.612527,0.000068,-0.053089,0.109038,0.024843,0.036210,0.080490,-0.616844,-1.761913,-1.117371,-0.228107,-1.494026,-0.924011
4.632000,0.388206,-0.692667,0.021399,-0.607495,-0.017578,-0.090300,0.079883,0.015252,0.000151,0.055939,-0.882721,-1.845501,-1.854565,-0.657131,-1.902908,-1.207005
4.653000,0.387878,-0.696177,0.015733,-0.603855,-0.043280,-0.129811,0.034234,-0.008531,-0.045499,0.027935,-1.494026,-1.565529,-2.536369,-1.201969,-2.214100,-1.418495
4.673000,0.384606,-0.703009,-0.007987,-0.598158,-0.078955,-0.168556,-0.024459,-0.035000,-0.076956,-0.009275,-1.655163,-2.038864,-2.856625,-1.559486,-1.367130,-1.873699
4.693000,0.381087,-0.708580,-0.036856,-0.592730,-0.098137,-0.201163,-0.060134,-0.077198,-0.089230,-0.033443,-0.814236,-1.401375,-1.250309,-2.203022,-0.274433,-0.893799
4.713000,0.380096,-0.713316,-0.064711,-0.585252,-0.101206,-0.221878,-0.092358,-0.118245,-0.085778,-0.042650,-0.044815,-0.950195,-1.536324,-2.116409,0.266376,-0.207966
4.733000,0.381498,-0.715575,-0.075271,-0.580298,-0.094684,-0.229934,-0.110772,-0.156605,-0.086929,-0.039581,0.482903,-0.062943,-0.784023,-1.574593,-0.153584,0.280476
4.753000,0.384046,-0.719657,-0.085456,-0.572101,-0.077421,-0.224179,-0.122280,-0.173101,-0.084627,-0.041115,1.084139,0.461754,-0.107254,-0.404350,0.163654,-0.188831
4.773000,0.385047,-0.725330,-0.095335,-0.562624,-0.064762,-0.210370,-0.117676,-0.171183,-0.081175,-0.055692,0.407372,0.626919,0.710506,0.416435,-0.091141,-0.716549
4.793000,0.382175,-0.732729,-0.093555,-0.555245,-0.067447,-0.182366,-0.098113,-0.154304,-0.065447,-0.078708,-0.305653,1.498055,0.912933,1.099245,0.845455,-1.306705
4.813000,0.377068,-0.738350,-0.079420,-0.553491,-0.080873,-0.153212,-0.075480,-0.132438,-0.042430,-0.107479,-0.662167,1.522224,1.282536,0.935089,1.285557,-1.679333
4.833000,0.373811,-0.740803,-0.067140,-0.554047,-0.103507,-0.115234,-0.044023,-0.102132,-0.013276,-0.139319,-1.184849,1.881758,1.477913,1.614878,1.463814,-1.612862
4.853000,0.372194,-0.741816,-0.050432,-0.555552,-0.114248,-0.071886,-0.011034,-0.082569,0.018948,-0.155431,-0.409386,2.222157,1.884779,0.884735,1.910963,-0.520164
4.874000,0.369076,-0.741910,-0.036116,-0.558614,-0.111947,-0.022784,0.032699,-0.072978,0.051938,-0.160034,0.208973,2.017715,2.606867,0.053879,1.254337,-0.038773
4.894000,0.361969,-0.742766,-0.020995,-0.562882,-0.099671,0.021332,0.087172,-0.080266,0.066516,-0.154664,0.707485,2.436666,2.577662,-0.634975,0.474846,0.401329
4.914000,0.358687,-0.744534,-0.004613,-0.563019,-0.076654,0.057007,0.135507,-0.085638,0.069585,-0.140853,1.142550,1.273472,2.333944,-0.111282,-0.043808,0.856533
4.934000,0.360492,-0.744422,0.013020,-0.561882,-0.048267,0.070433,0.175402,-0.079883,0.059610,-0.117070,1.449715,0.531242,1.544380,0.434563,-0.565483,1.259373
4.954000,0.362171,-0.739810,0.024560,-0.566490,-0.011823,0.071200,0.194967,-0.058402,0.055390,-0.087149,1.708538,-0.040787,0.605766,1.154634,-0.116318,1.709545
4.974000,0.360663,-0.730030,0.030791,-0.579681,0.009275,0.061227,0.197269,-0.028479,0.060377,-0.045334,1.001556,-0.575554,-0.009567,1.553444,0.315723,1.919020
4.994000,0.359439,-0.714689,0.029999,-0.599268,0.016564,0.043964,0.186911,0.009498,0.061145,-0.003905,0.278461,-0.952209,-0.660152,1.719616,-0.039780,2.158709
5.014000,0.358828,-0.699175,0.024261,-0.617906,0.012727,0.019414,0.163894,0.023308,0.055390,0.020647,-0.388237,-2.096268,-0.698421,1.056946,-0.649075,1.069033
5.034000,0.361026,-0.691710,0.016349,-0.625244,0.016947,0.008672,0.142028,0.032132,0.039279,0.031771,0.295582,-0.304646,-1.014648,0.557426,-0.885742,0.553398
5.054000,0.362356,-0.690697,0.020382,-0.625477,0.012344,-0.008206,0.105969,0.028679,0.007440,0.029086,-0.299610,-1.093201,-1.775005,-0.430534,-1.426552,-0.156605
5.074000,0.366237,-0.693752,0.017089,-0.619908,-0.004535,-0.040814,0.068758,0.011033,-0.023633,0.015660,-1.195927,-1.640057,-1.619911,-1.005585,-1.670269,-0.852505
5.095000,0.377160,-0.697445,0.008751,-0.609299,-0.029470,-0.078792,0.037686,-0.009682,-0.063912,-0.006206,-1.144566,-1.728680,-1.638042,-1.183842,-1.920029,-1.284550
5.115000,0.384317,-0.703622,-0.001395,-0.597674,-0.058624,-0.112550,-0.008348,-0.036151,-0.090765,-0.037278,-1.578621,-1.882767,-2.321857,-1.451729,-1.085144,-1.508125
5.135000,0.390472,-0.710044,-0.021869,-0.585569,-0.083175,-0.136334,-0.046325,-0.073745,-0.101506,-0.057226,-0.986450,-0.763882,-1.763927,-1.823345,-0.393272,-0.810207
5.155000,0.396729,-0.718500,-0.059282,-0.568199,-0.089314,-0.143238,-0.070493,-0.102900,-0.099588,-0.063748,-0.149555,-0.385216,-0.686337,-1.084137,0.133442,-0.082077
5.176000,0.405677,-0.720960,-0.097520,-0.553292,-0.083559,-0.142087,-0.075097,-0.117094,-0.088464,-0.055692,0.489952,0.202930,-0.068985,-0.460747,0.804165,0.491966
5.196000,0.423012,-0.715854,-0.129129,-0.540315,-0.083942,-0.129811,-0.065506,-0.114409,-0.067366,-0.054924,-0.302631,0.659145,0.644039,0.227100,0.893799,-0.088120
5.216000,0.435282,-0.709311,-0.148950,-0.534061,-0.076270,-0.106411,-0.052462,-0.102516,-0.045115,-0.064131,0.513115,1.202976,0.936096,1.177797,1.388281,-0.550377
5.236000,0.446626,-0.700616,-0.165976,-0.531145,-0.077421,-0.076873,-0.027528,-0.081418,-0.014427,-0.082545,-0.101212,1.401373,1.219090,1.128450,1.670267,-0.966309
5.256000,0.452470,-0.692170,-0.176844,-0.533758,-0.088930,-0.041197,0.004695,-0.049962,0.019715,-0.105178,-0.760860,1.736736,1.867659,1.568552,1.673288,-1.320805
5.276000,0.454881,-0.685823,-0.182851,-0.537862,-0.091232,-0.001302,0.048043,-0.027711,0.051555,-0.122824,-0.016617,2.252369,2.412497,0.980408,1.256351,-0.571526
5.296000,0.452840,-0.679312,-0.188122,-0.545969,-0.082791,0.038978,0.095228,-0.020040,0.066516,-0.124358,0.459740,2.150652,2.602839,-0.053879,0.509087,0.149555
5.317000,0.453787,-0.673301,-0.189990,-0.551949,-0.063227,0.068899,0.133973,-0.011984,0.069202,-0.114001,1.181826,1.284550,1.449715,0.367085,0.006546,0.611809
5.337000,0.461674,-0.664182,-0.191100,-0.556057,-0.032922,0.087313,0.146632,-0.011600,0.078792,-0.097506,1.479927,0.445641,0.320759,0.251270,0.296589,0.899841
5.357000,0.470445,-0.657452,-0.190284,-0.556983,-0.018345,0.096903,0.143946,-0.001626,0.078792,-0.073338,0.569511,0.298603,-0.242207,0.712521,-0.198902,1.509132
5.377000,0.476761,-0.653252,-0.187977,-0.557338,0.002370,0.090382,0.143563,0.016019,0.066899,-0.039581,1.107302,-0.371113,0.137470,0.802151,-0.673244,1.520210
5.397000,0.482044,-0.650008,-0.188837,-0.556294,0.010426,0.073118,0.144331,0.026762,0.063063,-0.017714,0.241199,-1.251316,-0.112289,0.436577,-0.158619,0.769924
5.417000,0.485459,-0.649850,-0.184638,-0.554918,0.007740,0.047801,0.133206,0.038270,0.056925,0.004919,-0.123367,-1.243259,-0.617851,0.576561,-0.412407,1.185854
5.437000,0.490214,-0.651734,-0.184453,-0.548553,0.010809,0.013658,0.114025,0.044407,0.035827,0.018345,0.206959,-1.681347,-1.094208,0.191853,-1.294621,0.545341
5.457000,0.492465,-0.655365,-0.185290,-0.541888,0.005822,-0.023934,0.082569,0.037886,0.009358,0.019112,-0.316730,-1.967361,-1.498055,-0.574547,-1.304691,-0.198902
5.478000,0.496146,-0.659776,-0.189865,-0.531494,-0.010289,-0.064598,0.051112,0.022925,-0.024017,0.007988,-0.888763,-2.072098,-1.581642,-0.831356,-1.799175,-0.774960
5.498000,0.500546,-0.666701,-0.197772,-0.515606,-0.036759,-0.107562,0.010450,0.003744,-0.048184,-0.013110,-1.295628,-2.354084,-2.104324,-1.008606,-0.946167,-1.005585
5.518000,0.505624,-0.672371,-0.206062,-0.499801,-0.051336,-0.142470,-0.016404,-0.027328,-0.054706,-0.040732,-0.466789,-1.706524,-0.975372,-1.655163,-0.205952,-1.511147
5.538000,0.510598,-0.678411,-0.219903,-0.480303,-0.052487,-0.164720,-0.044406,-0.065690,-0.048951,-0.061830,0.044815,-0.786037,-1.554451,-2.366169,0.447655,-0.685329
5.558000,0.515248,-0.681014,-0.237115,-0.463160,-0.040978,-0.173927,-0.062437,-0.102516,-0.050869,-0.067968,0.810207,-0.239185,-0.730648,-1.060974,-0.264362,0.412407
5.578000,0.521374,-0.682688,-0.257720,-0.442365,-0.036375,-0.167405,-0.065889,-0.111723,-0.047417,-0.076407,0.073013,0.529228,0.083084,-0.044815,0.386223,-0.592674
5.599000,0.531253,-0.682903,-0.267170,-0.424304,-0.044047,-0.148608,-0.058217,-0.105968,-0.034757,-0.093670,-0.571526,1.196934,0.693386,0.367085,0.950195,-0.984436
5.619000,0.538575,-0.681257,-0.273017,-0.413870,-0.061693,-0.124825,-0.040187,-0.088706,-0.014810,-0.115535,-0.884735,1.115358,1.062990,1.036804,1.002563,-0.861568
5.639000,0.545462,-0.676120,-0.277202,-0.410479,-0.088546,-0.089149,-0.015636,-0.073745,0.006673,-0.126276,-1.344975,1.725658,1.344976,0.483910,1.149599,-0.550377
5.659000,0.550273,-0.670310,-0.279102,-0.412294,-0.101972,-0.051939,0.018506,-0.073362,0.037361,-0.128194,-0.551384,1.900892,1.600779,-0.245228,1.669260,-0.001511
5.679000,0.553158,-0.667947,-0.281658,-0.410527,-0.103123,-0.013578,0.054565,-0.081034,0.066133,-0.127044,0.147541,1.885786,2.054977,-0.288532,1.307713,0.225086
5.699000,0.554817,-0.671380,-0.283506,-0.401311,-0.091999,0.030155,0.100982,-0.080266,0.083779,-0.112850,0.636990,2.035843,2.232227,0.019638,0.429527,0.712521
5.719000,0.556373,-0.674197,-0.283801,-0.394163,-0.070516,0.062761,0.136275,-0.060319,0.085313,-0.091751,1.104280,1.320807,1.484962,1.324835,-0.165668,1.108309
5.739000,0.554649,-0.672847,-0.281577,-0.400445,-0.043280,0.077339,0.154687,-0.044591,0.084930,-0.058761,1.464821,0.397301,0.724606,0.778988,0.007553,1.920027
5.760000,0.552863,-0.663838,-0.281605,-0.417565,-0.026018,0.078874,0.152770,-0.028862,0.088382,-0.018097,0.630947,-0.038773,-0.379173,0.823299,0.403343,2.037857
5.780000,0.560137,-0.651132,-0.281965,-0.427514,-0.006453,0.069282,0.147399,-0.008531,0.090683,0.005686,1.091188,-0.666195,-0.052872,0.958252,0.014603,0.832363
5.800000,0.570452,-0.637680,-0.285223,-0.431969,0.006974,0.059309,0.144714,0.013717,0.089149,0.016427,-0.147541,-0.173725,-0.732662,0.536278,0.145527,0.092148
5.820000,0.576097,-0.626433,-0.285609,-0.440591,0.021934,0.033991,0.133589,0.052846,0.078792,0.025250,0.692379,-1.315769,-0.744747,2.170794,-0.508080,0.634975
5.840000,0.576133,-0.625419,-0.275775,-0.448185,0.026921,0.004836,0.114791,0.083536,0.055390,0.029854,-0.000504,-1.869671,-1.117371,1.245274,-1.329868,0.010574
5.860000,0.573274,-0.627281,-0.261826,-0.457517,0.020016,-0.034676,0.087172,0.091975,0.024319,0.021798,-0.469810,-1.600777,-1.668255,0.147541,-1.437630,-0.533257
5.880000,0.571984,-0.630333,-0.256815,-0.457778,0.003905,-0.069968,0.050345,0.089290,-0.008673,0.002618,-0.984436,-2.236256,-1.831402,-0.295582,-2.003616,-1.023712
5.901000,0.571477,-0.634096,-0.256990,-0.453092,-0.025634,-0.118303,0.011217,0.077013,-0.037060,-0.022317,-1.547401,-1.944199,-2.035843,-0.795101,-0.875671,-1.441658
5.921000,0.571825,-0.638481,-0.259008,-0.445279,-0.043664,-0.159733,-0.030981,0.060134,-0.043198,-0.057993,-0.739712,-2.601830,-2.118423,-1.007599,-0.326801,-1.801189
5.941000,0.570286,-0.643525,-0.263834,-0.437082,-0.046349,-0.204999,-0.064354,0.023693,-0.054321,-0.079476,-0.073013,-1.808239,-1.522224,-2.226185,-0.674252,-0.779995
5.961000,0.568596,-0.643624,-0.278450,-0.430014,-0.039060,-0.224179,-0.100414,-0.018889,-0.057007,-0.086380,0.498009,-0.769924,-1.721630,-2.114395,0.054886,-0.095169
5.981000,0.567760,-0.644252,-0.294877,-0.419089,-0.022948,-0.228016,-0.122280,-0.067224,-0.064297,-0.081394,0.896820,0.052872,-0.782009,-2.120438,-0.595695,0.323780
6.001000,0.564479,-0.648730,-0.307578,-0.407320,-0.012207,-0.221495,-0.128802,-0.094843,-0.066981,-0.081777,0.372120,0.441612,-0.100204,-1.189884,0.137470,-0.135456
6.021000,0.561460,-0.657362,-0.311751,-0.394270,-0.011823,-0.207685,-0.123047,-0.105201,-0.065063,-0.097506,-0.030716,0.581596,0.474846,0.022659,-0.162647,-0.811214
6.041000,0.556904,-0.667935,-0.308403,-0.385498,-0.024483,-0.180449,-0.101182,-0.098680,-0.044348,-0.117070,-0.701443,1.177797,1.167727,0.202930,1.235203,-1.087158
6.062000,0.551567,-0.677418,-0.297434,-0.385243,-0.045965,-0.156281,-0.076247,-0.084486,-0.023633,-0.140853,-1.109314,1.584665,1.445686,0.869625,1.265415,-1.179813
6.082000,0.550381,-0.681588,-0.287727,-0.386951,-0.074352,-0.112166,-0.043640,-0.059936,0.010125,-0.170392,-1.511147,1.882765,1.665232,1.333899,1.586679,-1.307713
6.102000,0.543543,-0.685517,-0.276124,-0.397974,-0.092382,-0.073037,-0.008348,-0.042289,0.037361,-0.188422,-0.656124,2.274525,1.884779,0.624901,1.540352,-0.429527
6.122000,0.536559,-0.686045,-0.266737,-0.412673,-0.093917,-0.023168,0.037686,-0.039604,0.062679,-0.195326,0.001511,2.101305,2.224171,-0.203938,0.899841,-0.229115
6.142000,0.524938,-0.690040,-0.256974,-0.426908,-0.084710,0.019797,0.084103,-0.053030,0.075339,-0.191874,0.507072,2.428610,2.473930,-1.050903,0.505058,0.397301
6.162000,0.516510,-0.696368,-0.246717,-0.432920,-0.065913,0.057391,0.138193,-0.079883,0.075723,-0.177680,0.958252,1.266422,2.559532,-1.403389,-0.250263,0.850491
6.182000,0.510846,-0.703125,-0.233918,-0.435813,-0.037526,0.085395,0.175786,-0.095611,0.062679,-0.152362,1.340948,1.472878,1.840467,-0.723598,-0.892792,1.322821
6.202000,0.508710,-0.705608,-0.221586,-0.440716,-0.023332,0.107644,0.194200,-0.096762,0.057693,-0.122824,0.413414,0.917969,0.494987,0.122360,-0.083084,1.515175
6.223000,0.505126,-0.703648,-0.212009,-0.452526,-0.003384,0.114933,0.197652,-0.084870,0.046951,-0.084462,0.940125,0.200916,0.009567,0.818264,-0.703457,1.832411
6.243000,0.500479,-0.697442,-0.206108,-0.469698,0.004288,0.107261,0.187679,-0.062237,0.035827,-0.043416,0.280476,-0.382195,-0.710506,1.079103,-0.430534,2.076128
6.263000,0.497003,-0.686371,-0.201251,-0.491306,0.018482,0.092684,0.163894,-0.034617,0.027388,-0.013495,0.785030,-0.821285,-1.240238,1.477913,-0.391258,1.104280
6.283000,0.494424,-0.676398,-0.196882,-0.509184,0.026154,0.073886,0.138576,-0.016203,0.017030,-0.002754,0.062943,-1.713573,-1.217075,0.443626,-0.761868,0.229115
6.303000,0.489681,-0.668369,-0.194165,-0.525162,0.036894,0.050102,0.108654,-0.011600,-0.005220,-0.006973,0.585625,-1.089172,-1.551430,0.344929,-0.988464,-0.258320
6.323000,0.488073,-0.666890,-0.190915,-0.529712,0.039581,0.017112,0.070293,-0.016971,-0.036675,-0.020399,-0.125385,-1.799175,-2.093246,-0.478874,-1.677319,-0.676266
6.344000,0.485851,-0.666001,-0.196851,-0.530699,0.029223,-0.017030,0.021574,-0.033849,-0.074654,-0.044184,-0.616844,-1.874706,-2.168781,-1.010620,-1.824352,-1.330875
6.364000,0.485544,-0.666698,-0.205929,-0.526644,0.008124,-0.062296,-0.021774,-0.058402,-0.099205,-0.056843,-1.084137,-2.070084,-2.223164,-1.270451,-0.935089,-0.386223
6.384000,0.485926,-0.668209,-0.213235,-0.521444,-0.002617,-0.102574,-0.058600,-0.089090,-0.106876,-0.056075,-0.465782,-2.023758,-1.349003,-1.570564,-0.224079,0.136463
6.404000,0.488373,-0.670740,-0.220508,-0.512811,-0.002233,-0.137867,-0.073562,-0.127835,-0.103424,-0.045334,0.125385,-1.459785,-0.493980,-1.865643,0.279469,0.658138
6.424000,0.491487,-0.672926,-0.221038,-0.506708,0.007357,-0.159350,-0.076247,-0.160058,-0.085395,-0.022701,0.674252,-0.869625,0.041794,-1.416481,0.858547,1.115358
6.444000,0.496051,-0.675174,-0.216657,-0.501131,0.015029,-0.168940,-0.081234,-0.176938,-0.059692,-0.011960,0.233143,-0.308674,-0.289539,-0.393272,1.467842,0.426506
6.464000,0.498730,-0.678800,-0.210396,-0.496219,0.008891,-0.163953,-0.079316,-0.177321,-0.043964,-0.013878,-0.396294,0.452690,0.167683,0.279469,0.505058,-0.259327
6.484000,0.497852,-0.686929,-0.200879,-0.489816,-0.010289,-0.147074,-0.070109,-0.163894,-0.027470,-0.025387,-1.183842,1.077089,0.500023,0.541313,1.081118,-0.755825
6.504000,0.492522,-0.698648,-0.191975,-0.482140,-0.032922,-0.123290,-0.046325,-0.140110,-0.010974,-0.048403,-1.210026,1.429571,1.101259,1.578623,1.476906,-1.264408
6.524000,0.483702,-0.711704,-0.174050,-0.478766,-0.065145,-0.093369,-0.024076,-0.109806,0.018181,-0.075639,-1.600777,1.699474,1.379217,1.284550,1.839460,-1.045868
6.544000,0.477452,-0.717354,-0.153923,-0.483477,-0.082408,-0.052706,0.004312,-0.070676,0.051555,-0.087916,-0.707485,2.320852,1.566538,2.000595,1.597757,-0.460747
6.565000,0.469576,-0.716777,-0.136665,-0.497043,-0.085477,-0.008591,0.048810,-0.041522,0.073037,-0.090985,-0.060928,2.103319,2.286610,1.202976,0.806179,0.175739
6.585000,0.452446,-0.716492,-0.121115,-0.516974,-0.077804,0.036676,0.094460,-0.028479,0.080710,-0.080242,0.486931,2.274525,2.367178,0.235157,0.162647,0.685329
6.605000,0.435086,-0.716409,-0.101580,-0.535854,-0.060158,0.066981,0.130520,-0.018121,0.079942,-0.060679,0.966309,1.273472,1.285557,0.592674,-0.135456,0.873653
6.625000,0.423673,-0.717164,-0.086000,-0.546609,-0.032539,0.078490,0.146632,0.002593,0.082627,-0.036128,1.420507,0.365070,0.412407,1.193913,0.301624,1.352026
6.645000,0.412358,-0.713789,-0.074070,-0.561230,-0.019879,0.078490,0.145865,0.028679,0.081093,-0.001986,0.510094,-0.183796,-0.130421,1.483955,-0.259327,1.625956
6.665000,0.401585,-0.707277,-0.068695,-0.577727,0.003521,0.063528,0.135890,0.051695,0.065749,0.021414,2.024765,-0.789059,-0.816250,1.347998,-0.911926,1.028748
6.685000,0.390878,-0.695869,-0.065352,-0.598924,0.007740,0.046650,0.114408,0.050161,0.048102,0.024482,0.278461,-1.335911,-1.067017,0.062943,-1.085144,0.042801
6.705000,0.382941,-0.694782,-0.070113,-0.604746,0.023468,0.033991,0.090624,0.043256,0.024319,0.017961,0.768917,-1.018677,-1.547401,-0.204945,-1.665234,-0.368092
6.725000,0.376874,-0.698248,-0.077184,-0.603704,0.025770,0.002534,0.052263,0.030214,-0.017879,-0.002370,0.081070,-1.677319,-1.815289,-1.004578,-1.746807,-1.030762
6.745000,0.372575,-0.700684,-0.087673,-0.602116,0.017714,-0.027771,0.016971,0.003744,-0.053171,-0.026922,-0.399315,-1.711559,-1.877731,-1.154636,-1.920029,-1.216068
6.766000,0.372497,-0.703055,-0.100422,-0.597391,-0.001082,-0.070735,-0.030214,-0.025410,-0.085011,-0.057610,-0.895813,-2.243305,-2.279560,-1.620918,-1.110321,-1.742779
6.786000,0.374144,-0.703969,-0.117934,-0.592060,-0.010672,-0.110247,-0.064738,-0.064155,-0.094602,-0.081010,-0.339893,-1.860607,-1.508125,-2.267475,-0.432549,-0.888763
6.806000,0.376984,-0.705489,-0.138348,-0.583976,-0.007603,-0.147074,-0.081234,-0.099831,-0.091533,-0.087532,0.292561,-1.677319,-0.504051,-1.209019,0.252277,-0.127399
6.826000,0.381569,-0.706966,-0.152114,-0.575731,0.005055,-0.170091,-0.082768,-0.114409,-0.074654,-0.081394,0.730648,-0.935089,0.247242,-0.603752,0.853512,0.381187
6.846000,0.384952,-0.708960,-0.153455,-0.570648,0.013878,-0.179298,-0.084302,-0.114409,-0.048951,-0.081777,0.223072,-0.191853,-0.162647,0.343922,1.197941,-0.141499
6.866000,0.387804,-0.715774,-0.146519,-0.561967,0.008508,-0.174311,-0.082385,-0.101749,-0.037060,-0.096355,-0.332844,0.864590,-0.008560,1.200962,1.006592,-0.815243
6.886000,0.386733,-0.723044,-0.144868,-0.553767,-0.008371,-0.149759,-0.079316,-0.069910,-0.010590,-0.115535,-0.831356,0.952209,0.800137,1.274479,1.577616,-1.201969
6.906000,0.381793,-0.728159,-0.141906,-0.551255,-0.031772,-0.126359,-0.055148,-0.059168,0.023168,-0.145840,-1.190891,1.278507,1.093203,0.338886,1.629984,-1.482948
6.926000,0.379566,-0.733145,-0.134160,-0.548115,-0.064762,-0.092984,-0.032898,-0.057634,0.060761,-0.161186,-1.590706,1.814283,1.260380,-0.046829,2.115404,-0.597710
6.947000,0.382005,-0.739836,-0.127638,-0.538910,-0.082024,-0.053089,0.005080,-0.070293,0.095670,-0.162720,-0.709499,1.896864,1.935133,-0.797115,1.403387,0.038773
6.967000,0.387378,-0.748593,-0.120020,-0.524540,-0.085861,-0.015879,0.044207,-0.077198,0.116001,-0.153897,-0.030716,2.055984,2.201008,-0.266376,0.788052,0.539299
6.987000,0.392551,-0.756003,-0.112248,-0.511629,-0.077804,0.030155,0.094844,-0.071827,0.122906,-0.136634,0.479881,2.333944,2.388327,0.570518,0.039780,0.942139
7.007000,0.394225,-0.759853,-0.101619,-0.506838,-0.058241,0.062378,0.130904,-0.068375,0.112166,-0.107864,0.888763,1.278507,1.629984,0.107254,-0.920990,1.277500
7.027000,0.391346,-0.758725,-0.087805,-0.513299,-0.032539,0.076956,0.145865,-0.058785,0.106794,-0.077941,1.366125,0.535271,0.348957,0.413414,0.196888,2.107347
7.047000,0.400571,-0.751100,-0.078443,-0.518882,-0.020262,0.078107,0.153921,-0.045359,0.100657,-0.036895,0.575554,-0.165668,0.471825,0.950195,-0.498009,1.934126
7.067000,0.415854,-0.740043,-0.079305,-0.522602,-0.014509,0.066597,0.165812,-0.018121,0.084545,0.005686,0.218037,-0.786037,0.346943,1.444679,-0.853512,2.138567
7.087000,0.423133,-0.721111,-0.078695,-0.542922,-0.001850,0.043964,0.165045,0.015636,0.075339,0.041746,0.755825,-1.125431,-0.268391,1.697460,-0.246235,1.514168
7.107000,0.426534,-0.699040,-0.080558,-0.568262,0.003521,0.019414,0.147015,0.031748,0.069202,0.051336,0.114304,-1.958298,-0.786037,0.882721,-0.907898,0.556419
7.127000,0.433562,-0.686472,-0.091806,-0.576499,0.014645,0.001384,0.123231,0.040187,0.046951,0.049802,0.656124,-0.940125,-1.067017,0.435570,-1.488991,-0.200916
7.148000,0.437879,-0.682648,-0.092234,-0.577709,0.016179,-0.039662,0.092542,0.035967,0.017030,0.037525,0.017624,-1.896866,-1.652142,-0.707485,-1.389290,-0.701443
7.168000,0.444885,-0.679537,-0.095164,-0.575544,0.005439,-0.074188,0.054948,0.019089,-0.015577,0.014126,-0.680294,-2.062027,-1.765942,-0.748775,-1.769970,-1.229160
7.188000,0.454024,-0.680030,-0.102167,-0.566553,-0.016427,-0.118303,0.015820,-0.004312,-0.056240,-0.013110,-1.153629,-2.348042,-2.040878,-1.307713,-2.263447,-1.478920
7.208000,0.462326,-0.680200,-0.108298,-0.558438,-0.029087,-0.164336,-0.029830,-0.030014,-0.085778,-0.031142,-0.526207,-2.035843,-1.823345,-1.147587,-1.041840,-0.709499
7.228000,0.469573,-0.682051,-0.118488,-0.547968,-0.029087,-0.198094,-0.062820,-0.062621,-0.097286,-0.035744,0.060928,-1.529274,-1.554451,-1.999588,-0.313709,0.056900
7.248000,0.472499,-0.680924,-0.136374,-0.542669,-0.021797,-0.215357,-0.081618,-0.114409,-0.094217,-0.027688,0.497002,-0.581596,-0.655117,-2.669308,0.341908,0.602745
7.268000,0.477213,-0.677842,-0.156537,-0.536930,-0.016043,-0.224179,-0.098879,-0.148166,-0.076956,-0.008507,-0.060928,-0.399315,-0.870632,-1.447701,1.110323,0.900848
7.288000,0.480725,-0.676229,-0.164408,-0.533468,-0.022948,-0.221495,-0.105402,-0.168113,-0.068900,-0.000451,-0.386223,0.289539,-0.112289,-0.784023,0.160633,0.105240
7.308000,0.481083,-0.675544,-0.171581,-0.531751,-0.039444,-0.204999,-0.101182,-0.167346,-0.058925,-0.004671,-1.073059,1.148592,0.330830,0.193867,0.660152,-0.285511
7.329000,0.477722,-0.678917,-0.174469,-0.529542,-0.069749,-0.175079,-0.091591,-0.157373,-0.039361,-0.018865,-1.522224,1.417486,0.575554,0.838406,1.016663,-0.830349
7.349000,0.470045,-0.688816,-0.175643,-0.523202,-0.084326,-0.143238,-0.072411,-0.137042,-0.018263,-0.042650,0.043808,1.012634,1.113344,0.949188,0.312702,-1.142551
7.369000,0.462686,-0.698991,-0.173261,-0.517025,-0.099288,-0.111399,-0.040954,-0.105968,0.001302,-0.069502,-0.757839,1.929090,1.624949,1.531288,0.974365,-1.415474
7.389000,0.452325,-0.701786,-0.160137,-0.526550,-0.104658,-0.064214,-0.005662,-0.081801,0.029306,-0.087532,-0.109268,2.217121,1.872694,1.068026,1.532295,-0.689358
7.409000,0.436119,-0.704703,-0.146410,-0.540145,-0.099288,-0.022784,0.035385,-0.076047,0.063830,-0.090601,0.349964,2.192951,2.104326,-0.127399,1.962326,-0.066971
7.429000,0.425462,-0.708853,-0.135562,-0.546016,-0.082791,0.026318,0.082952,-0.070293,0.103726,-0.084079,0.845455,2.443718,2.332937,0.271412,1.597757,0.579582
7.449000,0.419264,-0.716367,-0.124934,-0.543533,-0.055939,0.058158,0.133206,-0.056099,0.124825,-0.066049,1.176790,1.214054,2.703548,1.098238,0.682308,0.837399
7.469000,0.411274,-0.719822,-0.115053,-0.547241,-0.025634,0.072735,0.179622,-0.042289,0.125591,-0.040732,1.626963,0.415428,1.923048,0.657131,-0.230122,1.322821
7.489000,0.397901,-0.717283,-0.101914,-0.562844,-0.006069,0.088080,0.198420,-0.026178,0.129428,-0.003137,0.722591,1.101259,0.442619,0.652096,0.456718,1.602793
7.510000,0.389505,-0.710656,-0.092697,-0.578498,0.015796,0.100356,0.198803,-0.005079,0.130196,0.032155,1.185854,0.260334,-0.223072,1.012634,-0.139484,2.011673
7.530000,0.389004,-0.701334,-0.084336,-0.591349,0.032675,0.094985,0.186911,0.018705,0.118302,0.077805,1.630991,-0.383202,-1.081116,1.321814,-0.629940,2.401419
7.550000,0.387003,-0.688179,-0.077731,-0.608766,0.028072,0.085011,0.170799,0.039036,0.101808,0.103891,-0.142506,-0.232136,-0.563469,0.738705,-1.163700,1.180819
7.570000,0.379753,-0.683421,-0.073878,-0.619084,0.034593,0.077339,0.142412,0.047476,0.074572,0.116167,0.325794,-0.577568,-1.551430,0.339893,-1.820324,0.382195
7.590000,0.370597,-0.683671,-0.067280,-0.625080,0.049938,0.049719,0.106352,0.039036,0.037745,0.115016,0.881714,-1.021698,-1.828381,-0.800137,-1.517189,-0.166676
7.610000,0.365439,-0.685552,-0.075459,-0.625123,0.054925,0.022866,0.066074,0.024076,0.003604,0.101589,0.057907,-1.674297,-1.988510,-0.849483,-2.085190,-0.782009
7.630000,0.360560,-0.689494,-0.083089,-0.622648,0.047636,-0.018181,0.021574,0.000291,-0.044731,0.080490,-0.410393,-2.077133,-2.018723,-1.321812,-2.240284,-1.141544
7.650000,0.357430,-0.692959,-0.091202,-0.619462,0.027688,-0.058844,-0.023308,-0.028479,-0.072736,0.050185,-0.925018,-2.073105,-2.263447,-1.718609,-1.218082,-1.524239
7.670000,0.356081,-0.696770,-0.100857,-0.614448,0.001602,-0.104877,-0.060518,-0.069526,-0.086546,0.031004,-1.428566,-2.136555,-1.269444,-1.968369,-0.502037,-0.615837
7.690000,0.356318,-0.701326,-0.112865,-0.606994,-0.012974,-0.137100,-0.074329,-0.110957,-0.085011,0.027935,-0.560448,-1.439644,-0.436577,-2.284595,0.211994,0.087112
7.711000,0.357553,-0.704621,-0.117726,-0.601504,-0.014509,-0.157432,-0.076247,-0.148550,-0.070434,0.034840,-0.011581,-0.709499,0.092148,-1.349003,0.807186,0.433556
7.731000,0.358832,-0.707767,-0.117708,-0.597035,-0.021414,-0.166254,-0.082768,-0.164661,-0.047417,0.035607,-0.405357,-0.241199,-0.393272,-0.725613,1.313757,-0.207966
7.751000,0.358389,-0.710263,-0.117676,-0.594336,-0.039444,-0.161267,-0.082768,-0.168882,-0.033223,0.026017,-0.905884,0.390251,-0.017624,-0.028702,0.476860,-0.685329
7.771000,0.356105,-0.715897,-0.121078,-0.588235,-0.044430,-0.147842,-0.071260,-0.158907,-0.038978,0.004152,-0.119339,1.203983,0.853512,1.366125,-0.145527,-1.005585
7.791000,0.352320,-0.720864,-0.123524,-0.583925,-0.056706,-0.120989,-0.052462,-0.133205,-0.044731,-0.022701,-0.842434,1.274479,0.839413,1.214054,-0.388237,-1.467842
7.811000,0.343471,-0.718008,-0.121952,-0.592976,-0.058624,-0.087614,-0.030981,-0.100214,-0.038210,-0.057610,-0.014603,1.701488,1.575602,1.442665,0.661160,-1.739758
7.831000,0.334413,-0.713043,-0.123611,-0.603704,-0.067831,-0.050405,0.008532,-0.082569,-0.023250,-0.097122,-0.644039,1.924055,1.771984,0.790066,0.741726,-1.895859
7.852000,0.324927,-0.707482,-0.122821,-0.615473,-0.068982,-0.009358,0.043440,-0.077198,-0.002151,-0.121673,0.096176,2.309772,1.894850,0.006546,1.233189,-0.984436
7.872000,0.320196,-0.703493,-0.122416,-0.622564,-0.058241,0.038211,0.090624,-0.086404,0.022784,-0.132031,0.583611,2.195972,2.215107,-0.589653,0.888763,-0.204945
7.892000,0.321090,-0.701131,-0.121828,-0.624880,-0.037526,0.068516,0.137425,-0.105968,0.032375,-0.129729,1.118380,1.278507,2.529320,-0.983429,0.172718,0.180775
7.912000,0.324066,-0.698889,-0.119981,-0.626211,-0.010289,0.081559,0.178088,-0.114792,0.029306,-0.114385,1.531288,0.146534,1.569559,-0.444633,-0.359028,0.802151
7.932000,0.327060,-0.692078,-0.117344,-0.632685,0.009658,0.097287,0.197652,-0.114025,0.028922,-0.091751,0.768917,1.614878,0.179768,0.124374,0.421471,1.185854
7.952000,0.327459,-0.680907,-0.117210,-0.644514,0.029223,0.108795,0.215298,-0.102132,0.030072,-0.061446,1.202976,0.648067,0.520164,0.936096,-0.277454,1.707531
